OverallQual,TotalSF,LandContour,GarageCars,Heating,Functional,KitchenQual,Neighborhood,CentralAir,MSZoning,KitchenAbvGr,RoofMatl,Neighborhood,Fireplaces
7,2566,Lvl,2,GasA,Typ,Gd,CollgCr,Y,RL,1,CompShg,CollgCr,0
6,2524,Lvl,2,GasA,Typ,TA,Veenker,Y,RL,1,CompShg,Veenker,1
7,2706,Lvl,2,GasA,Typ,Gd,CollgCr,Y,RL,1,CompShg,CollgCr,1
7,2473,Lvl,3,GasA,Typ,Gd,Crawfor,Y,RL,1,CompShg,Crawfor,1
8,3343,Lvl,3,GasA,Typ,Gd,NoRidge,Y,RL,1,CompShg,NoRidge,1
5,2158,Lvl,2,GasA,Typ,TA,Mitchel,Y,RL,1,CompShg,Mitchel,0
8,3380,Lvl,2,GasA,Typ,Gd,Somerst,Y,RL,1,CompShg,Somerst,1
7,3197,Lvl,2,GasA,Typ,TA,NWAmes,Y,RL,1,CompShg,NWAmes,2
7,2726,Lvl,2,GasA,Min1,TA,OldTown,Y,RM,2,CompShg,OldTown,2
5,2068,Lvl,1,GasA,Typ,TA,BrkSide,Y,RL,2,CompShg,BrkSide,2
5,2080,Lvl,1,GasA,Typ,TA,Sawyer,Y,RL,1,CompShg,Sawyer,0
9,3499,Lvl,3,GasA,Typ,Ex,NridgHt,Y,RL,1,CompShg,NridgHt,2
5,1824,Lvl,1,GasA,Typ,TA,Sawyer,Y,RL,1,CompShg,Sawyer,0
7,2988,Lvl,3,GasA,Typ,Gd,CollgCr,Y,RL,1,CompShg,CollgCr,1
6,2506,Lvl,1,GasA,Typ,TA,NAmes,Y,RL,1,CompShg,NAmes,1
7,1686,Lvl,2,GasA,Typ,TA,BrkSide,Y,RM,1,CompShg,BrkSide,0
6,2008,Lvl,2,GasA,Typ,TA,NAmes,Y,RL,1,CompShg,NAmes,1
4,1296,Lvl,2,GasA,Typ,TA,Sawyer,Y,RL,2,CompShg,Sawyer,0
5,2228,Lvl,2,GasA,Typ,Gd,SawyerW,Y,RL,1,CompShg,SawyerW,0
5,2368,Lvl,1,GasA,Min1,TA,NAmes,Y,RL,1,CompShg,NAmes,0
8,3534,Lvl,3,GasA,Typ,Gd,NridgHt,Y,RL,1,CompShg,NridgHt,1
7,1745,Bnk,1,GasA,Typ,Gd,IDOTRR,Y,RM,1,CompShg,IDOTRR,1
8,3572,Lvl,2,GasA,Typ,Gd,CollgCr,Y,RL,1,CompShg,CollgCr,1
5,2100,Lvl,2,GasA,Typ,TA,MeadowV,Y,RM,1,CompShg,MeadowV,1
5,2120,Lvl,1,GasA,Typ,Gd,Sawyer,Y,RL,1,CompShg,Sawyer,1
8,3166,Lvl,3,GasA,Typ,Gd,NridgHt,Y,RL,1,CompShg,NridgHt,1
5,1800,Lvl,2,GasA,Typ,Gd,NAmes,Y,RL,1,CompShg,NAmes,0
8,3408,Lvl,3,GasA,Typ,Gd,NridgHt,Y,RL,1,CompShg,NridgHt,1
5,3084,Lvl,1,GasA,Typ,TA,NAmes,Y,RL,1,CompShg,NAmes,2
4,1040,Lvl,1,GasA,Typ,Fa,BrkSide,N,RM,1,CompShg,BrkSide,0
4,1966,Lvl,1,GasA,Typ,TA,IDOTRR,N,C (all),1,CompShg,IDOTRR,0
5,2456,Lvl,1,GasA,Typ,Gd,Sawyer,Y,RL,1,CompShg,Sawyer,0
8,2468,Lvl,2,GasA,Typ,Gd,CollgCr,Y,RL,1,CompShg,CollgCr,0
5,3098,Lvl,2,GasA,Typ,Gd,NAmes,Y,RL,1,CompShg,NAmes,1
9,3122,Lvl,2,GasA,Typ,Ex,NridgHt,Y,RL,1,CompShg,NridgHt,1
8,3569,Lvl,3,GasA,Typ,Gd,NridgHt,Y,RL,1,CompShg,NridgHt,1
5,2194,Lvl,2,GasA,Typ,TA,CollgCr,Y,RL,1,CompShg,CollgCr,0
5,2594,Lvl,2,GasA,Typ,TA,NAmes,Y,RL,1,CompShg,NAmes,1
5,2114,Lvl,1,GasA,Typ,Gd,NAmes,Y,RL,1,CompShg,NAmes,0
4,1152,Lvl,0,GasA,Typ,Fa,Edwards,N,RL,2,CompShg,Edwards,0
6,2412,Lvl,2,GasA,Typ,TA,NAmes,Y,RL,1,CompShg,NAmes,1
5,2678,Lvl,1,GasA,Typ,TA,Timber,Y,RL,1,CompShg,Timber,2
5,1724,Lvl,2,GasA,Typ,Gd,SawyerW,Y,RL,1,CompShg,SawyerW,0
5,1876,Lvl,1,GasA,Typ,TA,CollgCr,Y,RL,1,CompShg,CollgCr,0
5,2300,Lvl,1,GasA,Typ,TA,NAmes,Y,RL,1,CompShg,NAmes,0
9,3504,Lvl,2,GasA,Typ,Ex,NridgHt,Y,RL,1,CompShg,NridgHt,1
7,3583,Lvl,2,GasA,Typ,Gd,Mitchel,Y,RL,1,CompShg,Mitchel,1
8,3312,Lvl,3,GasA,Typ,Gd,Somerst,Y,FV,1,CompShg,Somerst,0
4,2188,Lvl,0,GasA,Typ,TA,OldTown,Y,RM,3,CompShg,OldTown,0
5,1910,Lvl,1,GasA,Typ,TA,Sawyer,Y,RL,1,CompShg,Sawyer,0
6,2264,Lvl,2,GasA,Typ,TA,Gilbert,Y,RL,1,CompShg,Gilbert,0
6,1632,Lvl,2,GasA,Typ,TA,BrkSide,Y,RM,1,CompShg,BrkSide,1
5,1632,Bnk,2,GasA,Typ,TA,IDOTRR,N,RM,1,CompShg,IDOTRR,0
9,3684,Low,3,GasA,Typ,Gd,Veenker,Y,RL,1,WdShngl,Veenker,1
5,1744,Bnk,2,GasA,Min1,TA,NAmes,Y,RL,1,CompShg,NAmes,1
6,2850,Lvl,2,GasA,Typ,TA,NAmes,Y,RL,1,CompShg,NAmes,1
8,2709,Lvl,2,GasA,Typ,Gd,Somerst,Y,FV,1,CompShg,Somerst,0
7,2580,Lvl,2,GasA,Typ,Gd,CollgCr,Y,RL,1,CompShg,CollgCr,0
10,4355,HLS,3,GasA,Typ,Gd,StoneBr,Y,RL,1,CompShg,StoneBr,1
5,1560,Bnk,1,GasA,Typ,TA,CollgCr,Y,RL,1,CompShg,CollgCr,0
6,2316,Lvl,2,GasA,Typ,Gd,SawyerW,Y,RL,1,CompShg,SawyerW,0
5,1641,Lvl,1,GasA,Typ,Fa,IDOTRR,N,RM,1,CompShg,IDOTRR,0
8,2740,Lvl,2,GasA,Typ,Gd,NridgHt,Y,RL,1,CompShg,NridgHt,1
7,2286,Bnk,2,GasA,Typ,TA,OldTown,Y,RM,1,CompShg,OldTown,0
7,3091,Lvl,2,GasA,Typ,Gd,CollgCr,Y,RL,1,CompShg,CollgCr,0
8,3616,Lvl,3,GasA,Typ,Gd,NridgHt,Y,RL,1,CompShg,NridgHt,1
7,4154,Lvl,2,GasA,Min1,TA,NAmes,Y,RL,1,CompShg,NAmes,1
7,2932,Lvl,2,GasA,Typ,Gd,CollgCr,Y,RL,1,CompShg,CollgCr,0
4,1494,Lvl,1,GasA,Typ,TA,OldTown,Y,RM,1,CompShg,OldTown,0
7,3591,Lvl,2,GasW,Typ,TA,ClearCr,Y,RL,1,CompShg,ClearCr,1
7,4446,Lvl,2,GasA,Typ,TA,NAmes,Y,RL,1,CompShg,NAmes,2
4,1690,Lvl,2,GasA,Typ,TA,Mitchel,Y,RL,1,CompShg,Mitchel,0
7,2550,Lvl,2,GasA,Typ,TA,Gilbert,Y,RL,1,CompShg,Gilbert,1
5,2172,Lvl,2,GasA,Typ,TA,NAmes,Y,RL,1,CompShg,NAmes,0
3,2445,Lvl,1,GasA,Typ,TA,OldTown,N,RM,2,CompShg,OldTown,0
4,1450,Lvl,1,GasA,Typ,TA,MeadowV,Y,RM,1,CompShg,MeadowV,0
4,1904,Lvl,1,GasA,Typ,TA,NAmes,Y,RL,1,CompShg,NAmes,0
5,1957,Lvl,1,GasA,Min1,TA,BrkSide,Y,RM,1,CompShg,BrkSide,0
4,3536,Lvl,0,GasA,Typ,TA,Sawyer,N,RL,2,CompShg,Sawyer,0
5,1670,Lvl,2,GasA,Typ,TA,OldTown,Y,RM,1,CompShg,OldTown,0
6,3038,Lvl,1,GasA,Typ,Gd,NAmes,Y,RL,1,CompShg,NAmes,1
6,2574,Lvl,2,GasA,Typ,TA,Mitchel,Y,RM,1,CompShg,Mitchel,0
8,3126,Lvl,3,GasA,Typ,Gd,Somerst,Y,RL,1,CompShg,Somerst,1
5,2130,Lvl,2,GasA,Typ,TA,NAmes,Y,RL,1,CompShg,NAmes,0
7,1858,Lvl,2,GasA,Typ,TA,Gilbert,Y,RL,1,CompShg,Gilbert,1
8,3705,Lvl,2,GasA,Typ,Gd,NoRidge,Y,RL,1,CompShg,NoRidge,1
6,2244,Lvl,2,GasA,Typ,Gd,Gilbert,Y,RL,1,CompShg,Gilbert,1
6,1836,Lvl,2,GasA,Typ,Gd,Somerst,Y,FV,1,CompShg,Somerst,0
3,2026,Lvl,0,GasA,Typ,Fa,IDOTRR,N,C (all),1,CompShg,IDOTRR,0
4,1980,Lvl,0,GasA,Typ,TA,CollgCr,Y,RL,1,CompShg,CollgCr,0
4,1040,Lvl,2,GasA,Typ,TA,NAmes,Y,RL,1,CompShg,NAmes,0
5,2470,Lvl,2,GasA,Typ,TA,NAmes,Y,RL,1,CompShg,NAmes,0
5,1840,HLS,2,GasA,Typ,TA,Crawfor,Y,RL,1,CompShg,Crawfor,0
6,3505,Lvl,2,GasW,Typ,TA,OldTown,N,C (all),2,CompShg,OldTown,1
6,2610,Lvl,2,GasA,Typ,Gd,CollgCr,Y,RL,1,CompShg,CollgCr,0
6,2150,Lvl,2,GasA,Typ,TA,Gilbert,Y,RL,1,CompShg,Gilbert,1
7,3176,Lvl,2,GasA,Typ,Gd,CollgCr,Y,RL,1,CompShg,CollgCr,0
4,1920,HLS,1,GasA,Typ,TA,Edwards,Y,RL,1,CompShg,Edwards,0
5,1293,Lvl,1,GasA,Typ,TA,Edwards,N,RL,1,CompShg,Edwards,0
4,2175,Lvl,0,GasA,Typ,TA,NAmes,Y,RL,1,CompShg,NAmes,0
6,3220,Lvl,2,GasA,Typ,Gd,NWAmes,Y,RL,1,CompShg,NWAmes,2
6,2473,Lvl,2,GasA,Typ,Gd,SawyerW,Y,RL,1,CompShg,SawyerW,1
5,1535,Bnk,2,GasA,Typ,TA,SawyerW,Y,RL,2,CompShg,SawyerW,0
7,2452,Lvl,3,GasA,Typ,Gd,CollgCr,Y,RL,1,CompShg,CollgCr,0
7,2858,Lvl,1,GasA,Typ,TA,IDOTRR,Y,RM,1,CompShg,IDOTRR,2
8,3045,Lvl,2,GasA,Typ,Gd,Somerst,Y,FV,1,CompShg,Somerst,1
4,1688,Lvl,1,GasA,Typ,TA,OldTown,Y,RM,1,CompShg,OldTown,0
5,1578,Lvl,1,GasA,Typ,TA,OldTown,Y,RM,1,CompShg,OldTown,0
5,2310,Lvl,0,GasW,Typ,Fa,IDOTRR,N,RM,1,CompShg,IDOTRR,0
6,3688,Lvl,2,GasA,Typ,TA,NWAmes,Y,RL,1,CompShg,NWAmes,1
6,2849,Lvl,1,GasA,Typ,TA,Edwards,Y,RL,1,CompShg,Edwards,0
7,1814,Lvl,2,GasA,Typ,TA,Gilbert,Y,RL,1,CompShg,Gilbert,1
7,3960,Lvl,3,GasA,Typ,Ex,CollgCr,Y,RL,1,CompShg,CollgCr,1
6,4068,Bnk,2,GasA,Typ,Gd,Crawfor,Y,RL,1,CompShg,Crawfor,2
6,3348,Lvl,1,GasA,Typ,Gd,Crawfor,Y,RL,1,CompShg,Crawfor,1
6,2187,Lvl,2,GasA,Typ,TA,Somerst,Y,FV,1,CompShg,Somerst,1
5,2184,Lvl,1,GasA,Typ,TA,Sawyer,Y,RL,1,CompShg,Sawyer,1
5,2250,Lvl,2,GasA,Typ,TA,Edwards,Y,RL,1,CompShg,Edwards,0
7,4895,Lvl,3,GasA,Typ,Gd,SawyerW,Y,RL,1,CompShg,SawyerW,2
6,2184,Lvl,2,GasA,Typ,Gd,CollgCr,Y,RL,1,CompShg,CollgCr,1
6,1926,Low,2,GasA,Typ,TA,ClearCr,Y,RL,1,Metal,ClearCr,2
4,1855,Lvl,1,GasA,Typ,TA,IDOTRR,Y,RM,1,CompShg,IDOTRR,0
6,2160,Lvl,1,GasA,Typ,TA,NAmes,Y,RL,1,CompShg,NAmes,0
6,2398,Lvl,2,GasA,Typ,Gd,SawyerW,Y,RL,1,CompShg,SawyerW,0
6,2948,Lvl,2,GasA,Typ,TA,NWAmes,Y,RL,1,CompShg,NWAmes,1
6,1040,Lvl,0,GasA,Typ,TA,IDOTRR,N,RM,1,CompShg,IDOTRR,0
6,2036,Lvl,2,GasA,Typ,TA,NPkVill,Y,RL,1,CompShg,NPkVill,1
5,1512,Bnk,0,GasA,Typ,TA,OldTown,Y,RM,1,CompShg,OldTown,1
6,2008,Lvl,2,GasA,Typ,TA,NAmes,Y,RL,1,CompShg,NAmes,1
5,2061,Lvl,2,GasA,Typ,Ex,NAmes,Y,RL,1,CompShg,NAmes,0
7,3081,Lvl,2,GasA,Typ,Gd,NAmes,Y,RL,1,CompShg,NAmes,2
6,3046,Lvl,2,GasA,Typ,Gd,Gilbert,Y,RL,1,CompShg,Gilbert,1
5,2390,Lvl,2,GasA,Typ,Gd,NAmes,Y,RL,1,CompShg,NAmes,0
8,2563,Lvl,2,GasA,Typ,Gd,Timber,Y,RL,1,CompShg,Timber,0
5,3182,Lvl,2,GasA,Min1,TA,Sawyer,Y,RL,1,CompShg,Sawyer,1
7,2986,Lvl,2,GasA,Typ,TA,NWAmes,Y,RL,1,CompShg,NWAmes,1
5,2428,Lvl,1,GasA,Typ,TA,NAmes,Y,RL,1,CompShg,NAmes,1
7,3866,Lvl,3,GasA,Typ,TA,Mitchel,Y,RL,2,CompShg,Mitchel,0
8,2856,Lvl,3,GasA,Typ,Gd,CollgCr,Y,RL,1,CompShg,CollgCr,2
6,2692,Lvl,2,GasA,Typ,Gd,CollgCr,Y,RL,1,CompShg,CollgCr,0
4,1728,Lvl,0,GasA,Typ,TA,NAmes,Y,RL,1,CompShg,NAmes,1
7,3468,Lvl,2,GasA,Typ,Gd,CollgCr,Y,RL,1,CompShg,CollgCr,0
5,2295,Lvl,2,GasA,Typ,TA,NAmes,Y,RL,1,CompShg,NAmes,0
7,2991,Lvl,2,GasA,Typ,Gd,CollgCr,Y,RL,1,CompShg,CollgCr,0
5,3456,Lvl,2,GasA,Typ,TA,Sawyer,Y,RM,2,CompShg,Sawyer,0
6,2679,Lvl,2,GasA,Maj1,Gd,Edwards,Y,RM,1,CompShg,Edwards,0
5,1590,Lvl,1,GasA,Typ,TA,BrkSide,Y,RM,1,CompShg,BrkSide,0
7,2919,Lvl,2,GasA,Typ,Gd,Gilbert,Y,RL,1,CompShg,Gilbert,1
7,2160,Lvl,0,GasA,Typ,Gd,SawyerW,Y,RL,1,CompShg,SawyerW,0
5,2240,Lvl,1,GasA,Typ,TA,BrkSide,Y,RM,1,CompShg,BrkSide,0
5,1938,Lvl,2,GasA,Typ,TA,CollgCr,Y,RL,1,CompShg,CollgCr,0
8,3420,Lvl,3,GasA,Typ,Gd,NridgHt,Y,RL,1,CompShg,NridgHt,1
6,2818,Lvl,2,GasA,Typ,TA,NWAmes,Y,RL,1,CompShg,NWAmes,1
6,2854,Lvl,2,GasA,Typ,TA,ClearCr,Y,RL,1,CompShg,ClearCr,1
6,2400,Lvl,1,GasA,Typ,TA,OldTown,Y,RM,1,CompShg,OldTown,0
6,1668,Lvl,0,Grav,Typ,TA,Edwards,N,RL,1,CompShg,Edwards,0
5,1040,Lvl,2,GasA,Typ,TA,NAmes,Y,RL,1,CompShg,NAmes,0
8,2742,Lvl,3,GasA,Typ,Ex,Timber,Y,RL,1,CompShg,Timber,1
7,2938,Lvl,2,GasA,Typ,Gd,Somerst,Y,FV,1,CompShg,Somerst,1
7,3854,HLS,2,GasA,Typ,Gd,Gilbert,Y,RL,1,CompShg,Gilbert,1
6,2464,Lvl,2,GasA,Typ,TA,Veenker,Y,RL,1,CompShg,Veenker,0
9,4240,Lvl,3,GasA,Typ,Ex,NridgHt,Y,RL,1,CompShg,NridgHt,2
7,3082,Lvl,2,GasA,Typ,Gd,NridgHt,Y,RL,1,CompShg,NridgHt,1
4,1764,Lvl,0,GasA,Typ,TA,OldTown,Y,RL,1,CompShg,OldTown,0
6,2765,Lvl,1,GasA,Typ,Gd,OldTown,Y,RM,1,CompShg,OldTown,0
5,1999,Lvl,0,GasA,Typ,TA,Edwards,Y,RL,2,CompShg,Edwards,0
5,3484,Lvl,1,GasA,Typ,TA,ClearCr,Y,RL,1,CompShg,ClearCr,3
8,3743,Lvl,3,GasA,Typ,Ex,NridgHt,Y,RL,1,CompShg,NridgHt,1
7,2560,Lvl,2,GasA,Typ,Gd,Gilbert,Y,RL,1,CompShg,Gilbert,1
8,3393,Lvl,2,GasA,Typ,TA,Timber,Y,RL,1,WdShake,Timber,1
5,1574,Lvl,2,GasA,Typ,TA,OldTown,Y,RM,1,CompShg,OldTown,0
6,2736,Lvl,2,GasA,Typ,TA,NAmes,Y,RL,1,CompShg,NAmes,2
7,2831,Lvl,2,GasA,Typ,Gd,StoneBr,Y,RL,1,CompShg,StoneBr,1
6,2724,Lvl,2,GasA,Typ,TA,NAmes,Y,RL,1,CompShg,NAmes,1
6,3257,Lvl,2,GasA,Min2,TA,Timber,Y,RL,1,CompShg,Timber,1
6,3360,Lvl,2,GasA,Typ,Gd,Edwards,Y,RL,1,CompShg,Edwards,1
6,3211,Lvl,2,GasA,Typ,TA,ClearCr,Y,RL,1,CompShg,ClearCr,1
5,2972,Lvl,2,GasA,Typ,Gd,Sawyer,Y,RL,1,CompShg,Sawyer,1
9,4450,Lvl,3,GasA,Typ,Ex,StoneBr,Y,RL,1,CompShg,StoneBr,1
5,1936,Lvl,2,GasA,Typ,TA,OldTown,Y,RM,1,CompShg,OldTown,0
6,2281,Lvl,2,GasA,Typ,Gd,Somerst,Y,FV,1,CompShg,Somerst,1
7,2595,Lvl,1,GasA,Typ,TA,Crawfor,Y,RL,1,CompShg,Crawfor,1
5,1340,Lvl,1,GasA,Typ,TA,Edwards,Y,RL,1,CompShg,Edwards,1
7,3444,Lvl,2,GasA,Mod,Gd,OldTown,Y,RM,1,CompShg,OldTown,0
5,1756,Lvl,2,GasA,Typ,TA,BrkSide,Y,RL,1,CompShg,BrkSide,0
10,4143,Lvl,3,GasA,Typ,Ex,OldTown,Y,RM,1,WdShngl,OldTown,2
7,2405,Lvl,2,GasA,Typ,Gd,Mitchel,Y,RL,1,CompShg,Mitchel,0
5,2172,Lvl,1,GasA,Min2,TA,OldTown,Y,RL,1,CompShg,OldTown,0
5,2310,Bnk,2,GasA,Typ,TA,SawyerW,Y,RL,2,CompShg,SawyerW,2
8,3186,Lvl,2,GasA,Typ,Ex,StoneBr,Y,RL,1,CompShg,StoneBr,1
8,3580,Bnk,2,GasA,Maj1,Gd,Crawfor,Y,RL,1,CompShg,Crawfor,2
7,2204,Lvl,2,GasA,Typ,Gd,NAmes,Y,RL,1,CompShg,NAmes,0
7,2862,Lvl,2,GasA,Typ,Gd,CollgCr,Y,RL,1,CompShg,CollgCr,0
7,2679,Lvl,2,GasA,Maj1,Gd,Edwards,Y,RM,1,CompShg,Edwards,0
5,1728,Lvl,1,GasA,Typ,TA,CollgCr,Y,RL,1,CompShg,CollgCr,0
6,2311,Lvl,2,GasA,Typ,TA,NPkVill,Y,RL,1,CompShg,NPkVill,1
7,3452,Lvl,3,GasA,Typ,Ex,Somerst,Y,RL,1,CompShg,Somerst,1
8,4080,Lvl,2,GasA,Typ,Gd,NAmes,Y,RL,1,CompShg,NAmes,1
6,2613,Lvl,0,GasA,Typ,TA,OldTown,Y,RM,1,CompShg,OldTown,0
8,3426,Lvl,3,GasA,Typ,Ex,NridgHt,Y,RL,1,CompShg,NridgHt,1
4,2242,Lvl,2,GasA,Typ,TA,Edwards,Y,RM,1,CompShg,Edwards,0
6,2475,Lvl,2,GasA,Typ,TA,Mitchel,Y,RL,1,CompShg,Mitchel,2
6,1927,Lvl,1,GasA,Min1,TA,OldTown,Y,RL,1,CompShg,OldTown,0
6,1696,Lvl,2,GasA,Typ,Gd,CollgCr,Y,RM,1,CompShg,CollgCr,1
5,2004,Lvl,1,GasA,Typ,TA,OldTown,Y,RM,1,CompShg,OldTown,0
7,2866,Lvl,2,GasA,Typ,TA,Gilbert,Y,RL,1,CompShg,Gilbert,0
5,2836,Lvl,1,GasA,Min2,TA,Sawyer,Y,RL,1,CompShg,Sawyer,1
4,2200,Lvl,1,GasA,Typ,TA,NAmes,Y,RL,1,CompShg,NAmes,1
7,3219,Low,2,GasA,Typ,TA,SawyerW,Y,RL,1,CompShg,SawyerW,1
6,2184,Lvl,2,GasA,Typ,TA,NAmes,Y,RL,1,CompShg,NAmes,0
5,1728,Lvl,0,GasA,Typ,TA,Edwards,N,RL,1,CompShg,Edwards,0
6,2424,Lvl,2,GasA,Typ,Gd,Edwards,Y,RL,1,CompShg,Edwards,0
7,2752,Lvl,2,GasA,Typ,Gd,Somerst,Y,FV,1,CompShg,Somerst,1
5,1980,Lvl,2,GasA,Typ,TA,CollgCr,Y,RL,1,CompShg,CollgCr,0
6,2081,Lvl,1,GasA,Typ,TA,CollgCr,Y,RL,1,CompShg,CollgCr,0
5,2306,Lvl,1,GasA,Min1,Gd,NAmes,Y,RL,1,CompShg,NAmes,1
7,2872,Lvl,2,GasA,Typ,Gd,CollgCr,Y,RL,1,CompShg,CollgCr,0
4,2014,Lvl,1,GasA,Typ,TA,OldTown,N,RM,1,CompShg,OldTown,0
7,2752,Lvl,2,GasA,Typ,Gd,Crawfor,Y,RL,1,CompShg,Crawfor,2
7,2496,Lvl,2,GasA,Typ,Gd,Blmngtn,Y,RL,1,CompShg,Blmngtn,0
7,2996,Lvl,2,GasA,Typ,Gd,CollgCr,Y,RL,1,CompShg,CollgCr,0
6,3277,Lvl,2,GasA,Typ,Gd,Gilbert,Y,RL,1,CompShg,Gilbert,1
6,2265,Lvl,2,GasA,Typ,TA,NWAmes,Y,RL,1,CompShg,NWAmes,1
4,1728,Lvl,2,GasA,Typ,TA,NAmes,Y,RL,1,CompShg,NAmes,0
10,4784,Lvl,3,GasA,Typ,Ex,NridgHt,Y,RL,1,CompShg,NridgHt,1
5,1932,Lvl,1,GasA,Typ,TA,BrDale,Y,RM,1,CompShg,BrDale,0
7,3723,Lvl,3,GasA,Typ,Gd,NoRidge,Y,RL,1,CompShg,NoRidge,1
6,1470,Lvl,1,GasA,Typ,TA,BrDale,Y,RM,1,CompShg,BrDale,0
5,1824,Lvl,1,GasA,Typ,TA,Sawyer,Y,RL,1,CompShg,Sawyer,1
7,2928,Lvl,2,GasA,Typ,Gd,Blmngtn,Y,RL,1,CompShg,Blmngtn,1
6,2388,Lvl,1,GasA,Typ,TA,NAmes,Y,RL,1,CompShg,NAmes,0
8,4256,Lvl,3,GasA,Typ,Ex,NoRidge,Y,RL,1,CompShg,NoRidge,1
6,1470,Lvl,1,GasA,Typ,TA,BrDale,Y,RM,1,CompShg,BrDale,1
5,1788,Lvl,1,GasA,Typ,TA,CollgCr,Y,RL,1,CompShg,CollgCr,0
6,2820,Lvl,2,GasA,Typ,Gd,Gilbert,Y,RL,1,CompShg,Gilbert,2
6,1470,Lvl,1,GasA,Typ,TA,BrDale,Y,RM,1,CompShg,BrDale,0
7,2828,Lvl,2,GasA,Typ,Gd,CollgCr,Y,RL,1,CompShg,CollgCr,0
7,2740,Lvl,2,GasA,Typ,Gd,SawyerW,Y,RL,1,CompShg,SawyerW,0
8,3388,Lvl,3,GasA,Typ,Gd,NridgHt,Y,RL,1,CompShg,NridgHt,0
6,2222,Lvl,1,GasA,Typ,TA,Edwards,Y,RL,1,CompShg,Edwards,1
8,3132,Lvl,2,GasA,Typ,Gd,Somerst,Y,FV,1,CompShg,Somerst,0
5,1552,Lvl,0,GasA,Typ,Gd,OldTown,Y,RM,1,CompShg,OldTown,0
5,1980,Lvl,1,GasA,Typ,TA,OldTown,N,RM,1,CompShg,OldTown,0
6,1843,Lvl,1,GasA,Typ,TA,SawyerW,Y,RL,1,CompShg,SawyerW,1
7,3058,Lvl,2,GasA,Typ,Gd,SawyerW,Y,RL,1,CompShg,SawyerW,2
7,3717,Lvl,2,GasA,Typ,TA,NWAmes,Y,RL,1,CompShg,NWAmes,1
6,2948,Lvl,1,GasA,Typ,Fa,OldTown,N,RM,2,CompShg,OldTown,0
6,2742,Lvl,2,GasA,Typ,TA,NAmes,Y,RL,1,CompShg,NAmes,1
7,2508,Lvl,2,GasA,Typ,Gd,CollgCr,Y,RL,1,CompShg,CollgCr,0
6,3588,Low,2,GasA,Typ,Gd,ClearCr,Y,RL,1,CompShg,ClearCr,2
3,2034,Lvl,0,GasA,Mod,Fa,BrkSide,Y,RL,1,CompShg,BrkSide,0
8,3198,HLS,2,GasA,Typ,Gd,Crawfor,Y,RM,1,CompShg,Crawfor,1
6,2438,Lvl,2,GasA,Typ,Gd,SawyerW,Y,RL,1,CompShg,SawyerW,0
6,2604,Lvl,1,GasA,Min1,Gd,NAmes,Y,RL,1,CompShg,NAmes,0
5,2628,Lvl,1,GasA,Typ,TA,NAmes,Y,RL,1,CompShg,NAmes,0
7,3266,Lvl,2,GasA,Typ,Gd,Gilbert,Y,RL,1,CompShg,Gilbert,1
6,2592,Lvl,2,GasA,Typ,Gd,Somerst,Y,FV,1,CompShg,Somerst,0
7,3208,Lvl,2,GasA,Typ,Gd,CollgCr,Y,RL,1,CompShg,CollgCr,1
7,2755,Lvl,2,GasA,Typ,Gd,CollgCr,Y,RL,1,CompShg,CollgCr,1
5,882,Lvl,1,GasA,Typ,TA,OldTown,Y,RM,1,CompShg,OldTown,0
6,2744,Lvl,2,GasA,Typ,TA,NAmes,Y,RL,1,CompShg,NAmes,1
8,4056,Lvl,3,GasA,Typ,Ex,CollgCr,Y,RL,1,CompShg,CollgCr,1
6,1718,Lvl,2,GasA,Typ,TA,Sawyer,Y,RL,1,CompShg,Sawyer,1
5,1852,Lvl,2,GasA,Typ,TA,OldTown,Y,RM,1,CompShg,OldTown,0
5,1444,Bnk,2,GasA,Typ,TA,OldTown,N,RM,1,CompShg,OldTown,0
6,2844,Lvl,2,GasA,Typ,Gd,NWAmes,Y,RL,1,CompShg,NWAmes,1
6,2313,HLS,2,GasA,Typ,TA,Gilbert,Y,RL,1,CompShg,Gilbert,1
5,2492,Bnk,1,GasA,Typ,Gd,SWISU,Y,RL,1,CompShg,SWISU,1
5,1518,Lvl,1,GasA,Typ,TA,IDOTRR,Y,RM,1,CompShg,IDOTRR,1
6,2256,Lvl,1,GasA,Typ,TA,Edwards,Y,RL,1,CompShg,Edwards,1
8,3034,Lvl,3,GasA,Typ,Gd,Somerst,Y,FV,1,CompShg,Somerst,1
7,2748,Low,2,GasA,Mod,TA,ClearCr,Y,RL,1,Membran,ClearCr,2
8,3422,Lvl,3,GasA,Typ,Gd,NoRidge,Y,RL,1,CompShg,NoRidge,1
6,2872,Lvl,1,GasA,Min1,TA,NAmes,Y,RL,1,CompShg,NAmes,1
5,1632,Lvl,1,GasA,Typ,TA,Mitchel,Y,RL,1,CompShg,Mitchel,0
7,2500,Lvl,2,GasW,Typ,Ex,BrkSide,N,RL,1,CompShg,BrkSide,0
7,3120,Lvl,2,GasA,Typ,Gd,Mitchel,Y,RL,1,CompShg,Mitchel,0
4,1728,Lvl,2,GasA,Typ,TA,Gilbert,Y,RL,1,CompShg,Gilbert,0
9,4242,Lvl,3,GasA,Typ,Ex,NridgHt,Y,RL,1,CompShg,NridgHt,1
7,3182,Lvl,2,GasA,Typ,TA,ClearCr,Y,RL,1,CompShg,ClearCr,1
7,2789,Lvl,2,GasA,Typ,Gd,SawyerW,Y,RL,1,CompShg,SawyerW,1
6,2524,Lvl,2,GasA,Typ,Gd,Somerst,Y,FV,1,CompShg,Somerst,0
7,2628,Lvl,2,GasA,Typ,Gd,NridgHt,Y,RL,1,CompShg,NridgHt,1
8,2936,Lvl,3,GasA,Typ,Gd,Somerst,Y,RL,1,CompShg,Somerst,1
6,3150,Lvl,2,GasA,Typ,Gd,SawyerW,Y,RL,1,CompShg,SawyerW,0
7,1875,Lvl,2,GasA,Typ,Gd,Somerst,Y,FV,1,CompShg,Somerst,0
6,2646,Bnk,2,GasA,Typ,Gd,NAmes,Y,RL,1,CompShg,NAmes,1
4,1716,Lvl,0,GasA,Typ,TA,NAmes,Y,RL,1,CompShg,NAmes,0
5,1782,Lvl,1,GasA,Typ,TA,Sawyer,Y,RL,1,CompShg,Sawyer,0
6,2094,Lvl,1,GasA,Typ,TA,BrkSide,Y,RL,1,CompShg,BrkSide,0
8,2998,Lvl,2,GasA,Typ,Gd,CollgCr,Y,RL,1,CompShg,CollgCr,1
5,2496,Bnk,0,GasA,Typ,Fa,SWISU,N,RL,1,CompShg,SWISU,0
5,2484,Lvl,1,GasA,Min2,TA,Edwards,Y,RL,1,CompShg,Edwards,1
7,3058,Lvl,2,GasA,Typ,Gd,NWAmes,Y,RL,1,CompShg,NWAmes,1
6,3060,Lvl,2,GasA,Typ,TA,NAmes,Y,RL,1,CompShg,NAmes,2
6,2006,Lvl,2,GasA,Typ,TA,Mitchel,Y,RL,1,CompShg,Mitchel,0
5,2468,Lvl,1,GasA,Typ,TA,IDOTRR,Y,RM,1,CompShg,IDOTRR,0
7,2925,Lvl,2,GasA,Typ,Gd,Somerst,Y,FV,1,CompShg,Somerst,1
6,2445,Lvl,2,GasA,Typ,TA,NWAmes,Y,RL,1,CompShg,NWAmes,1
6,2244,Lvl,1,GasA,Typ,Gd,Crawfor,Y,RL,1,CompShg,Crawfor,1
5,2501,Lvl,1,GasA,Typ,TA,Crawfor,Y,RL,1,CompShg,Crawfor,2
8,3480,Lvl,2,GasA,Typ,Gd,CollgCr,Y,RL,1,CompShg,CollgCr,1
7,3082,Lvl,3,GasA,Typ,Gd,CollgCr,Y,RL,1,CompShg,CollgCr,1
5,1788,Lvl,2,GasA,Typ,TA,CollgCr,Y,RL,1,CompShg,CollgCr,0
7,4963,Lvl,3,GasA,Typ,Gd,OldTown,Y,RM,1,CompShg,OldTown,1
8,4000,Lvl,3,GasA,Typ,Gd,CollgCr,Y,RL,1,CompShg,CollgCr,0
7,2943,Lvl,3,GasA,Typ,Gd,SawyerW,Y,RL,1,CompShg,SawyerW,1
6,1725,Lvl,0,GasA,Typ,Fa,IDOTRR,Y,RM,1,CompShg,IDOTRR,0
4,1722,Lvl,2,GasA,Typ,TA,Edwards,Y,RL,1,CompShg,Edwards,0
9,3840,Lvl,3,GasA,Typ,Ex,NridgHt,Y,RL,1,CompShg,NridgHt,3
6,2198,Lvl,2,GasA,Typ,Gd,Gilbert,Y,RL,1,CompShg,Gilbert,1
6,1944,Lvl,1,GasA,Typ,TA,NAmes,Y,RL,1,CompShg,NAmes,1
5,1911,Lvl,2,GasA,Typ,TA,OldTown,Y,RM,1,CompShg,OldTown,1
7,4172,Low,2,GasW,Typ,TA,Timber,Y,RL,1,CompShg,Timber,2
7,2369,Lvl,2,GasA,Typ,Ex,OldTown,Y,RM,1,CompShg,OldTown,1
7,2148,Lvl,2,GasA,Typ,Gd,Gilbert,Y,RL,1,CompShg,Gilbert,1
7,3198,Lvl,2,GasA,Typ,Ex,NWAmes,Y,RL,1,CompShg,NWAmes,1
8,3047,Lvl,3,GasA,Typ,Gd,Somerst,Y,FV,1,CompShg,Somerst,1
7,3993,Low,3,GasA,Typ,Gd,NoRidge,Y,RL,1,CompShg,NoRidge,1
7,2844,Lvl,2,GasA,Typ,TA,NWAmes,Y,RL,1,CompShg,NWAmes,2
9,3845,Lvl,3,GasA,Typ,Gd,NridgHt,Y,RL,1,CompShg,NridgHt,0
8,3604,Lvl,3,GasA,Typ,Gd,NridgHt,Y,RL,1,CompShg,NridgHt,1
7,4232,Lvl,2,GasA,Typ,Gd,SawyerW,Y,RL,1,CompShg,SawyerW,1
3,2325,Lvl,1,GasA,Typ,TA,OldTown,Y,RM,1,CompShg,OldTown,0
7,3688,Lvl,2,GasA,Typ,Gd,NAmes,Y,RL,1,WdShake,NAmes,1
5,1523,Lvl,2,GasA,Typ,TA,IDOTRR,N,RM,1,CompShg,IDOTRR,0
8,3438,Lvl,2,GasA,Typ,Gd,Veenker,Y,RL,1,CompShg,Veenker,2
6,2766,Lvl,1,GasA,Typ,TA,NAmes,Y,RL,1,CompShg,NAmes,0
6,2978,Bnk,2,GasA,Typ,Gd,BrkSide,N,RL,1,CompShg,BrkSide,0
5,1788,Lvl,1,GasA,Typ,TA,IDOTRR,N,RM,1,CompShg,IDOTRR,0
5,3456,Lvl,1,GasA,Typ,TA,NAmes,Y,RL,2,CompShg,NAmes,0
5,2112,Lvl,1,GasA,Typ,TA,NAmes,Y,RL,1,CompShg,NAmes,0
8,4835,Lvl,3,GasA,Typ,Gd,NridgHt,Y,RL,1,CompShg,NridgHt,1
7,2716,Lvl,2,GasA,Typ,Gd,NridgHt,Y,RM,1,CompShg,NridgHt,1
6,2581,Lvl,2,GasA,Typ,TA,Gilbert,Y,RL,1,CompShg,Gilbert,2
5,3285,HLS,2,GasA,Typ,TA,Timber,Y,RL,1,CompShg,Timber,2
9,3844,HLS,3,GasA,Typ,Gd,StoneBr,Y,RL,1,CompShg,StoneBr,1
7,3072,Lvl,2,GasA,Typ,Gd,CollgCr,Y,RL,1,CompShg,CollgCr,0
7,2829,Lvl,2,GasA,Typ,Gd,NWAmes,Y,RL,1,CompShg,NWAmes,0
6,2430,Lvl,1,GasA,Typ,TA,NAmes,Y,RL,1,CompShg,NAmes,0
8,2875,Lvl,2,GasA,Typ,Gd,Timber,Y,RL,1,CompShg,Timber,0
4,1562,Lvl,1,GasA,Typ,TA,SawyerW,Y,RH,1,CompShg,SawyerW,0
3,1040,Lvl,2,Wall,Typ,TA,NAmes,N,RL,2,CompShg,NAmes,0
9,3368,Lvl,2,GasA,Typ,Ex,NridgHt,Y,RL,1,CompShg,NridgHt,1
5,1648,Lvl,1,GasA,Typ,TA,MeadowV,Y,RM,1,CompShg,MeadowV,0
6,2549,Lvl,1,GasA,Typ,Fa,BrkSide,Y,RL,1,CompShg,BrkSide,1
6,1916,Lvl,1,GasA,Typ,TA,NAmes,Y,RL,1,CompShg,NAmes,0
6,2956,Lvl,2,GasA,Typ,TA,NAmes,Y,RL,1,CompShg,NAmes,2
7,2390,Lvl,2,GasA,Typ,Gd,NridgHt,Y,RL,1,CompShg,NridgHt,0
9,4576,Lvl,3,GasA,Typ,Ex,NridgHt,Y,RL,1,CompShg,NridgHt,2
9,3738,Lvl,2,GasA,Typ,Ex,NridgHt,Y,RL,1,CompShg,NridgHt,1
7,2906,Low,2,GasA,Typ,Gd,ClearCr,Y,RL,1,CompShg,ClearCr,1
5,1727,Lvl,1,GasA,Typ,TA,Edwards,N,RL,1,CompShg,Edwards,0
6,1344,Lvl,2,GasA,Typ,TA,OldTown,Y,RM,1,CompShg,OldTown,0
6,2535,Bnk,1,GasA,Typ,TA,SWISU,Y,RL,1,CompShg,SWISU,2
6,2400,Lvl,2,GasA,Typ,Gd,CollgCr,Y,RL,1,CompShg,CollgCr,0
6,2325,Lvl,2,GasA,Typ,Gd,Gilbert,Y,RL,1,CompShg,Gilbert,0
5,2284,Lvl,2,GasA,Typ,TA,MeadowV,Y,RM,1,CompShg,MeadowV,1
5,2414,Lvl,1,GasA,Min2,Gd,ClearCr,Y,RL,1,CompShg,ClearCr,0
8,3010,Lvl,2,GasA,Typ,Gd,NoRidge,Y,RL,1,CompShg,NoRidge,1
6,1800,Lvl,2,GasA,Typ,TA,Mitchel,Y,RL,1,CompShg,Mitchel,1
5,2388,Lvl,1,GasA,Typ,TA,BrkSide,Y,RL,1,CompShg,BrkSide,0
7,1922,Lvl,2,GasA,Typ,Gd,Edwards,Y,RL,1,CompShg,Edwards,1
6,1470,Lvl,1,GasA,Typ,Gd,BrDale,Y,RM,1,CompShg,BrDale,0
6,2370,Lvl,2,GasA,Typ,TA,NWAmes,Y,RL,1,CompShg,NWAmes,1
5,2016,Lvl,1,GasA,Typ,TA,IDOTRR,Y,RM,1,CompShg,IDOTRR,0
6,2788,Lvl,2,GasA,Typ,TA,NAmes,Y,RL,1,CompShg,NAmes,2
6,2530,Lvl,1,GasA,Typ,TA,NAmes,Y,RL,1,Tar&Grv,NAmes,1
5,2536,Lvl,1,GasA,Typ,TA,NAmes,Y,RL,1,CompShg,NAmes,1
5,2350,Lvl,2,GasA,Typ,Gd,NAmes,Y,RL,1,CompShg,NAmes,1
6,2617,Lvl,2,GasA,Typ,TA,Gilbert,Y,RL,1,CompShg,Gilbert,1
4,1588,Lvl,2,GasA,Min2,TA,ClearCr,Y,RL,1,CompShg,ClearCr,1
6,1496,Lvl,1,GasA,Typ,TA,SawyerW,Y,RL,1,CompShg,SawyerW,0
5,1927,Lvl,1,GasA,Min2,TA,NAmes,Y,RL,1,CompShg,NAmes,0
7,2775,Lvl,2,GasA,Typ,Gd,CollgCr,Y,RL,1,CompShg,CollgCr,1
1,1587,Low,0,GasA,Maj1,Fa,Edwards,N,RL,1,CompShg,Edwards,0
5,1784,Lvl,2,GasA,Typ,TA,CollgCr,Y,RL,1,CompShg,CollgCr,0
8,4046,Lvl,2,GasA,Typ,Gd,Somerst,Y,FV,1,CompShg,Somerst,1
9,3712,Lvl,3,GasA,Typ,Ex,StoneBr,Y,RL,1,CompShg,StoneBr,1
6,2782,Lvl,2,GasA,Typ,TA,Gilbert,Y,RL,1,CompShg,Gilbert,1
5,2717,Lvl,1,GasA,Typ,Gd,SWISU,Y,RL,1,CompShg,SWISU,1
7,2594,Lvl,2,GasA,Typ,Gd,Somerst,Y,FV,1,CompShg,Somerst,1
7,2736,Lvl,2,GasA,Typ,Gd,CollgCr,Y,RL,1,CompShg,CollgCr,0
6,1568,Lvl,2,GasA,Typ,TA,SawyerW,N,RH,1,CompShg,SawyerW,0
6,3533,Low,2,GasA,Typ,Gd,ClearCr,Y,RL,1,CompShg,ClearCr,2
8,2525,Lvl,2,GasA,Typ,Gd,Blmngtn,Y,RL,1,CompShg,Blmngtn,1
5,1842,Lvl,0,GasA,Typ,TA,Edwards,Y,RL,1,CompShg,Edwards,0
6,2166,Lvl,1,GasA,Typ,TA,Edwards,Y,RL,1,CompShg,Edwards,1
7,2947,Lvl,2,GasA,Typ,Gd,CollgCr,Y,RL,1,CompShg,CollgCr,0
10,4014,Lvl,3,GasA,Typ,Ex,NridgHt,Y,RL,1,CompShg,NridgHt,1
5,2228,Lvl,1,GasA,Typ,TA,Edwards,Y,RL,1,CompShg,Edwards,0
6,2765,Lvl,2,GasA,Typ,Gd,Mitchel,Y,RL,1,CompShg,Mitchel,1
5,882,Lvl,1,GasA,Typ,TA,NAmes,Y,RL,1,CompShg,NAmes,0
4,1576,Lvl,0,GasA,Typ,TA,BrkSide,Y,RL,1,CompShg,BrkSide,2
5,1769,Lvl,1,GasA,Typ,TA,OldTown,Y,RL,1,CompShg,OldTown,0
5,2288,Lvl,1,GasA,Typ,TA,Edwards,Y,RL,1,CompShg,Edwards,0
5,1788,Low,2,GasA,Typ,TA,CollgCr,Y,RL,1,CompShg,CollgCr,0
5,2676,Lvl,1,GasA,Typ,TA,NAmes,Y,RL,1,CompShg,NAmes,1
5,2038,Lvl,1,GasA,Maj2,TA,IDOTRR,Y,RM,1,CompShg,IDOTRR,0
7,2642,Lvl,2,GasA,Typ,Gd,Somerst,Y,FV,1,CompShg,Somerst,0
8,2548,Lvl,2,GasA,Typ,Ex,Veenker,Y,RL,1,CompShg,Veenker,2
7,2620,Lvl,2,GasA,Typ,Gd,CollgCr,Y,RL,1,CompShg,CollgCr,1
5,1344,Lvl,1,GasA,Typ,TA,Sawyer,Y,RL,1,CompShg,Sawyer,0
8,3404,Lvl,2,GasA,Typ,Gd,NoRidge,Y,RL,1,CompShg,NoRidge,1
6,2378,Lvl,2,GasA,Typ,TA,Gilbert,Y,RL,1,CompShg,Gilbert,1
4,2901,Lvl,2,GasA,Min1,TA,Sawyer,Y,RL,1,CompShg,Sawyer,1
6,2230,Lvl,1,GasA,Maj2,TA,SWISU,Y,RL,1,CompShg,SWISU,0
6,2520,Lvl,1,GasA,Typ,TA,Crawfor,Y,RL,1,CompShg,Crawfor,0
7,3235,Lvl,3,GasA,Typ,Gd,NridgHt,Y,RL,1,CompShg,NridgHt,1
8,3112,Lvl,3,GasA,Typ,Ex,Somerst,Y,FV,1,CompShg,Somerst,1
5,2552,Lvl,1,GasA,Mod,TA,Edwards,Y,RL,1,CompShg,Edwards,0
5,2112,Bnk,2,GasA,Typ,TA,Gilbert,N,RL,1,CompShg,Gilbert,0
7,2948,Lvl,2,GasA,Typ,Gd,Somerst,Y,FV,1,CompShg,Somerst,1
5,2036,Lvl,2,GasA,Typ,TA,OldTown,Y,RM,1,CompShg,OldTown,1
7,3177,Lvl,3,GasA,Typ,Gd,SawyerW,Y,RL,1,CompShg,SawyerW,1
7,2680,Lvl,2,GasA,Typ,Gd,Gilbert,Y,RL,1,CompShg,Gilbert,0
6,2072,Lvl,2,GasA,Typ,TA,Sawyer,Y,RL,1,CompShg,Sawyer,1
6,3994,Lvl,3,GasW,Typ,TA,Crawfor,N,RL,1,CompShg,Crawfor,1
5,1890,Lvl,1,GasA,Typ,TA,Edwards,N,RL,1,CompShg,Edwards,0
5,2112,Lvl,1,GasA,Typ,TA,NAmes,Y,RL,1,CompShg,NAmes,1
7,2688,Lvl,4,GasA,Typ,TA,Mitchel,Y,RM,2,CompShg,Mitchel,0
6,3204,Lvl,2,GasA,Typ,Gd,NWAmes,Y,RL,1,CompShg,NWAmes,1
5,1976,HLS,2,GasA,Typ,TA,Mitchel,Y,RL,1,CompShg,Mitchel,0
8,4100,Lvl,3,GasA,Typ,Gd,NoRidge,Y,RL,1,CompShg,NoRidge,1
6,2392,Lvl,1,GasA,Typ,TA,NAmes,Y,RL,1,CompShg,NAmes,1
7,2040,HLS,1,GasA,Typ,TA,OldTown,Y,RM,1,CompShg,OldTown,2
7,3162,Low,2,GasA,Typ,Gd,SawyerW,Y,RL,1,CompShg,SawyerW,1
4,1814,Lvl,1,GasA,Typ,TA,NAmes,Y,RL,1,CompShg,NAmes,0
7,2416,Lvl,2,GasA,Typ,Gd,CollgCr,Y,RL,1,CompShg,CollgCr,0
6,2804,Lvl,2,GasA,Typ,Gd,Timber,Y,RL,1,CompShg,Timber,1
6,1470,Lvl,1,GasA,Typ,TA,BrDale,Y,RM,1,CompShg,BrDale,0
6,2099,Bnk,0,GasA,Typ,TA,OldTown,Y,RM,1,CompShg,OldTown,0
5,2130,Lvl,2,GasA,Min1,TA,BrDale,Y,RM,1,CompShg,BrDale,0
6,2530,Lvl,2,GasA,Typ,TA,Gilbert,Y,RL,1,CompShg,Gilbert,1
4,1260,Lvl,0,GasA,Typ,TA,MeadowV,Y,RM,1,CompShg,MeadowV,0
7,2460,Lvl,2,GasA,Typ,Gd,CollgCr,Y,RL,1,CompShg,CollgCr,1
6,1766,Lvl,2,GasA,Typ,TA,OldTown,Y,RM,1,CompShg,OldTown,0
6,1788,Lvl,1,GasA,Typ,TA,BrkSide,Y,RM,1,CompShg,BrkSide,0
5,1134,Lvl,1,GasA,Typ,Gd,Crawfor,N,RL,1,CompShg,Crawfor,1
6,1880,Lvl,2,GasA,Typ,Gd,Edwards,Y,RL,1,CompShg,Edwards,0
10,5496,Lvl,3,GasA,Typ,Ex,NridgHt,Y,RL,1,CompShg,NridgHt,2
4,2880,Lvl,0,GasA,Typ,Fa,Edwards,N,RL,2,CompShg,Edwards,0
5,2651,Lvl,2,GasA,Typ,TA,BrkSide,Y,RM,1,CompShg,BrkSide,1
7,2516,Lvl,3,GasA,Typ,Gd,Blmngtn,Y,RL,1,CompShg,Blmngtn,1
7,2823,Lvl,2,GasA,Typ,Gd,CollgCr,Y,RL,1,CompShg,CollgCr,1
6,3125,Lvl,2,GasA,Typ,TA,Edwards,Y,RL,1,CompShg,Edwards,1
6,3405,Lvl,2,GasA,Mod,Gd,NAmes,Y,RL,1,CompShg,NAmes,1
7,2816,Lvl,2,GasA,Typ,Gd,Gilbert,Y,RL,1,CompShg,Gilbert,1
6,2156,Bnk,1,GasA,Typ,TA,IDOTRR,Y,RM,1,CompShg,IDOTRR,1
3,1832,Lvl,1,GasA,Typ,TA,OldTown,Y,RM,1,CompShg,OldTown,0
6,1626,Lvl,1,GasA,Typ,Gd,OldTown,Y,RM,1,CompShg,OldTown,0
7,3066,Low,2,GasA,Typ,Gd,ClearCr,Y,RL,1,WdShngl,ClearCr,2
6,2628,Lvl,2,GasA,Typ,TA,Timber,Y,RL,1,CompShg,Timber,0
8,2358,Lvl,2,GasA,Typ,Gd,Somerst,Y,FV,1,CompShg,Somerst,0
5,3456,Lvl,2,GasA,Typ,TA,Mitchel,Y,RL,2,CompShg,Mitchel,0
7,2484,Lvl,2,GasA,Typ,TA,NWAmes,Y,RL,1,CompShg,NWAmes,1
5,1968,Lvl,3,GasA,Typ,TA,OldTown,N,RM,1,CompShg,OldTown,0
4,3027,Low,2,GasA,Min1,Gd,ClearCr,Y,RL,1,Tar&Grv,ClearCr,2
8,2254,Lvl,1,GasA,Typ,Gd,OldTown,Y,RM,1,CompShg,OldTown,1
5,1912,Bnk,1,GasA,Typ,Gd,BrkSide,Y,RL,1,CompShg,BrkSide,1
8,2767,Lvl,2,GasA,Typ,TA,Somerst,Y,FV,1,CompShg,Somerst,0
7,1695,Lvl,2,GasA,Typ,Gd,SWISU,Y,RL,1,CompShg,SWISU,0
5,1728,Lvl,1,GasA,Typ,TA,Sawyer,Y,RL,1,CompShg,Sawyer,1
6,2375,HLS,1,GasA,Typ,TA,Crawfor,Y,RL,1,CompShg,Crawfor,1
5,2080,HLS,0,GasA,Typ,TA,CollgCr,Y,RL,1,CompShg,CollgCr,0
7,2789,Lvl,2,GasA,Typ,Gd,Blmngtn,Y,RM,1,CompShg,Blmngtn,1
7,2554,Lvl,2,GasA,Typ,TA,NAmes,Y,RL,1,Tar&Grv,NAmes,1
5,2372,Lvl,1,GasA,Typ,Gd,NAmes,Y,RL,1,CompShg,NAmes,2
8,3260,Lvl,3,GasA,Typ,Gd,NridgHt,Y,RL,1,CompShg,NridgHt,1
6,2542,Lvl,2,GasA,Typ,Gd,SawyerW,Y,RL,1,CompShg,SawyerW,0
8,2990,Lvl,2,GasA,Typ,Gd,StoneBr,Y,RL,1,CompShg,StoneBr,0
7,2777,Lvl,2,GasA,Typ,TA,NWAmes,Y,RL,1,WdShake,NWAmes,1
6,1619,Lvl,2,GasA,Typ,TA,Edwards,Y,RM,1,CompShg,Edwards,0
8,3952,Lvl,3,GasA,Typ,Gd,NridgHt,Y,RL,1,CompShg,NridgHt,1
8,3146,Lvl,2,GasA,Typ,Ex,StoneBr,Y,RL,1,CompShg,StoneBr,0
5,1940,Lvl,2,GasA,Typ,TA,Sawyer,Y,RL,1,CompShg,Sawyer,0
6,2971,Lvl,2,GasA,Typ,Gd,CollgCr,Y,RL,1,CompShg,CollgCr,1
9,4796,Lvl,3,GasA,Typ,Ex,NridgHt,Y,RL,1,CompShg,NridgHt,1
8,3423,Lvl,3,GasA,Typ,Gd,CollgCr,Y,RL,1,CompShg,CollgCr,1
4,2038,Bnk,2,GasA,Typ,TA,OldTown,Y,RM,1,CompShg,OldTown,0
9,3683,Lvl,3,GasA,Typ,Gd,NridgHt,Y,RL,1,CompShg,NridgHt,1
9,3584,HLS,3,GasA,Typ,Ex,NridgHt,Y,RL,1,CompShg,NridgHt,1
7,2736,Lvl,1,GasA,Min2,Ex,OldTown,Y,RM,1,CompShg,OldTown,1
6,2432,Lvl,2,GasA,Typ,TA,Mitchel,Y,RM,1,CompShg,Mitchel,0
5,1998,Lvl,1,GasA,Typ,Gd,Sawyer,Y,RL,1,CompShg,Sawyer,0
5,2226,Lvl,1,GasA,Typ,Gd,NAmes,Y,RL,1,CompShg,NAmes,1
5,2146,Lvl,2,GasA,Typ,TA,NAmes,Y,RL,1,CompShg,NAmes,0
5,2968,Lvl,2,GasA,Typ,TA,NWAmes,Y,RL,1,CompShg,NWAmes,1
5,3368,Lvl,2,GasA,Mod,TA,OldTown,N,RL,2,CompShg,OldTown,1
4,1260,Lvl,1,GasA,Typ,Gd,MeadowV,Y,RM,1,CompShg,MeadowV,0
5,1568,Lvl,1,GasA,Typ,TA,MeadowV,Y,RM,1,CompShg,MeadowV,1
6,2384,Lvl,1,GasA,Typ,Fa,NAmes,Y,RL,1,CompShg,NAmes,2
6,2184,Lvl,2,GasA,Typ,TA,Gilbert,Y,RL,1,CompShg,Gilbert,0
5,2538,Lvl,1,GasA,Typ,TA,NAmes,Y,RL,1,CompShg,NAmes,1
5,1076,Lvl,1,GasA,Typ,TA,OldTown,Y,RM,1,CompShg,OldTown,0
4,1440,Lvl,0,GasA,Typ,TA,IDOTRR,N,C (all),1,CompShg,IDOTRR,0
8,6428,Lvl,2,GasA,Typ,Gd,NoRidge,Y,RL,1,CompShg,NoRidge,1
7,2846,Lvl,1,GasA,Typ,TA,BrkSide,Y,RL,1,CompShg,BrkSide,0
5,1763,Lvl,1,GasA,Typ,Gd,Sawyer,Y,RL,1,CompShg,Sawyer,0
5,1824,Lvl,1,GasA,Typ,TA,NAmes,Y,RL,1,CompShg,NAmes,0
6,1890,Lvl,1,GasA,Typ,TA,BrDale,Y,RM,1,CompShg,BrDale,0
7,2634,Lvl,2,GasA,Typ,Gd,Somerst,Y,FV,1,CompShg,Somerst,0
5,2428,Lvl,2,GasA,Typ,TA,Edwards,Y,RL,1,CompShg,Edwards,0
7,3302,Lvl,2,GasA,Typ,TA,Crawfor,Y,RL,1,CompShg,Crawfor,2
6,2177,Lvl,2,GasA,Typ,TA,NPkVill,Y,RL,1,CompShg,NPkVill,1
5,2920,Lvl,2,GasA,Typ,TA,OldTown,Y,RM,2,CompShg,OldTown,0
8,2688,Lvl,2,GasA,Typ,Gd,SawyerW,Y,RL,1,CompShg,SawyerW,1
6,2436,Lvl,2,GasA,Typ,Gd,Somerst,Y,FV,1,CompShg,Somerst,0
7,2067,Lvl,2,GasA,Typ,Gd,OldTown,Y,RM,1,CompShg,OldTown,1
5,2082,Lvl,1,GasA,Typ,TA,NAmes,Y,RL,1,CompShg,NAmes,0
5,2371,Lvl,1,GasA,Min1,TA,NAmes,Y,RL,1,CompShg,NAmes,2
7,2736,Lvl,2,GasA,Typ,Gd,NridgHt,Y,RL,1,CompShg,NridgHt,1
5,1728,Lvl,2,GasA,Typ,TA,NAmes,Y,RL,1,CompShg,NAmes,0
6,2164,Bnk,2,GasA,Typ,TA,Mitchel,Y,RL,1,CompShg,Mitchel,0
5,1557,Lvl,1,Grav,Typ,TA,Crawfor,N,RL,1,CompShg,Crawfor,0
10,4026,Lvl,3,GasA,Typ,Ex,NridgHt,Y,RL,1,CompShg,NridgHt,1
6,2808,Lvl,2,GasA,Typ,TA,NWAmes,Y,RL,1,CompShg,NWAmes,1
7,3608,Lvl,3,GasA,Typ,Gd,NoRidge,Y,RL,1,CompShg,NoRidge,1
6,2590,Lvl,2,GasA,Typ,TA,CollgCr,Y,RL,1,CompShg,CollgCr,0
7,3356,Lvl,1,GasA,Typ,Gd,Crawfor,Y,RL,1,CompShg,Crawfor,2
4,1294,Lvl,0,GasA,Typ,TA,OldTown,N,RL,2,CompShg,OldTown,0
6,2488,Lvl,1,GasA,Typ,TA,NAmes,Y,RL,1,CompShg,NAmes,2
6,2668,Lvl,2,GasA,Typ,TA,BrkSide,Y,RM,1,CompShg,BrkSide,2
10,7814,Bnk,3,GasA,Typ,Ex,Edwards,Y,RL,1,CompShg,Edwards,1
7,3777,Lvl,3,GasA,Typ,Gd,NoRidge,Y,RL,1,CompShg,NoRidge,1
7,2523,Lvl,2,GasA,Typ,Gd,Somerst,Y,FV,1,CompShg,Somerst,1
5,1856,Lvl,1,GasA,Typ,TA,NAmes,Y,RL,1,CompShg,NAmes,0
9,4165,Lvl,3,GasA,Typ,Ex,NridgHt,Y,RL,1,CompShg,NridgHt,1
4,1133,Lvl,0,GasA,Typ,TA,Edwards,Y,RL,1,CompShg,Edwards,0
6,4550,Lvl,2,GasA,Maj1,TA,Crawfor,Y,RL,2,CompShg,Crawfor,2
6,2970,Lvl,2,GasA,Typ,Gd,Timber,Y,RL,1,CompShg,Timber,1
6,1973,Lvl,2,GasA,Typ,TA,BrkSide,Y,RM,1,CompShg,BrkSide,0
5,827,Lvl,1,GasA,Mod,TA,NAmes,Y,RL,1,CompShg,NAmes,1
1,334,Low,0,GasA,Typ,Fa,BrkSide,N,RL,1,CompShg,BrkSide,0
8,2121,Lvl,2,GasA,Typ,Gd,Gilbert,Y,RL,1,CompShg,Gilbert,1
5,2464,Lvl,0,GasA,Typ,TA,Edwards,Y,RL,1,CompShg,Edwards,0
7,2604,Lvl,2,GasA,Typ,Gd,CollgCr,Y,RL,1,CompShg,CollgCr,0
4,1728,Lvl,2,GasA,Typ,TA,NAmes,Y,RL,1,CompShg,NAmes,0
5,2210,Lvl,1,GasA,Typ,TA,Sawyer,Y,RL,1,CompShg,Sawyer,1
8,3182,Lvl,2,GasA,Typ,Gd,CollgCr,Y,RL,1,CompShg,CollgCr,1
9,3676,Lvl,3,GasA,Typ,Ex,Timber,Y,RL,1,CompShg,Timber,1
8,3254,Lvl,3,GasA,Typ,Gd,NoRidge,Y,RL,1,CompShg,NoRidge,1
7,3330,Lvl,2,GasA,Maj1,Gd,NWAmes,Y,RL,1,CompShg,NWAmes,1
7,1490,Lvl,1,GasA,Typ,TA,NAmes,Y,RH,1,CompShg,NAmes,0
7,2150,Lvl,2,GasA,Typ,Gd,Gilbert,Y,RL,1,CompShg,Gilbert,1
7,3387,Lvl,3,GasA,Typ,Gd,NWAmes,Y,RL,1,CompShg,NWAmes,0
6,2700,Bnk,2,GasA,Typ,TA,BrkSide,Y,RL,1,CompShg,BrkSide,1
5,1536,Lvl,2,GasA,Typ,TA,Mitchel,Y,RL,1,CompShg,Mitchel,0
5,1650,HLS,2,GasA,Typ,TA,OldTown,Y,RM,1,CompShg,OldTown,0
7,3006,Lvl,2,GasA,Typ,Gd,Somerst,Y,FV,1,CompShg,Somerst,1
6,2138,Lvl,2,GasA,Typ,TA,NPkVill,Y,RL,1,CompShg,NPkVill,0
5,1856,Lvl,1,GasA,Typ,TA,OldTown,Y,RM,1,CompShg,OldTown,0
8,3426,Lvl,3,GasA,Typ,Gd,NridgHt,Y,RL,1,CompShg,NridgHt,1
4,1126,Lvl,2,GasA,Typ,Gd,Edwards,Y,RL,1,CompShg,Edwards,0
7,3044,Lvl,3,GasA,Typ,Gd,NridgHt,Y,RL,1,CompShg,NridgHt,1
5,2041,Lvl,1,GasA,Typ,TA,BrkSide,Y,RM,1,CompShg,BrkSide,1
5,2184,Lvl,1,GasA,Typ,TA,NAmes,Y,RL,1,CompShg,NAmes,1
4,1973,Low,1,GasA,Typ,TA,IDOTRR,Y,C (all),1,CompShg,IDOTRR,0
7,2175,HLS,2,GasA,Typ,TA,Gilbert,Y,RL,1,CompShg,Gilbert,1
7,2931,Lvl,2,GasA,Typ,Gd,Blmngtn,Y,RL,1,CompShg,Blmngtn,1
5,2784,Lvl,2,GasA,Mod,TA,Sawyer,Y,RL,1,CompShg,Sawyer,1
5,2778,Lvl,2,GasA,Typ,TA,Mitchel,Y,RL,1,CompShg,Mitchel,1
5,1992,Lvl,0,GasA,Typ,TA,Edwards,Y,RL,1,CompShg,Edwards,1
6,2837,Lvl,2,GasA,Typ,TA,Edwards,Y,RL,1,CompShg,Edwards,1
7,3390,Lvl,2,GasA,Typ,Gd,NoRidge,Y,RL,1,CompShg,NoRidge,1
6,2453,Bnk,1,GasA,Typ,Fa,SWISU,N,RL,1,CompShg,SWISU,0
9,3626,Lvl,3,GasA,Typ,Ex,StoneBr,Y,RL,1,CompShg,StoneBr,1
7,3052,Lvl,2,GasA,Typ,Gd,NridgHt,Y,RL,1,CompShg,NridgHt,0
8,3628,Low,2,GasA,Min2,Gd,SawyerW,Y,RL,1,CompShg,SawyerW,1
5,1886,Lvl,2,GasA,Typ,TA,NAmes,Y,RL,1,CompShg,NAmes,2
5,3456,Lvl,2,GasA,Typ,TA,NAmes,Y,RL,2,CompShg,NAmes,0
6,1728,Lvl,1,GasA,Typ,Gd,NAmes,Y,RL,1,CompShg,NAmes,0
7,2538,HLS,2,GasA,Typ,Gd,Timber,Y,RL,1,CompShg,Timber,0
7,1814,Lvl,2,GasA,Typ,TA,Gilbert,Y,RL,1,CompShg,Gilbert,1
5,1481,Lvl,1,GasA,Typ,TA,NAmes,Y,RL,1,CompShg,NAmes,0
5,2048,Lvl,1,GasA,Typ,TA,NAmes,Y,RL,1,CompShg,NAmes,0
7,2338,Lvl,1,GasA,Typ,TA,SWISU,Y,RL,1,CompShg,SWISU,1
5,2484,Lvl,2,GasA,Typ,TA,Sawyer,Y,RL,1,CompShg,Sawyer,2
7,2081,Lvl,2,GasA,Typ,Gd,Somerst,Y,FV,1,CompShg,Somerst,0
5,2845,Lvl,1,GasA,Typ,TA,OldTown,N,RM,1,CompShg,OldTown,0
6,2573,Lvl,2,GasA,Typ,Gd,NAmes,Y,RL,1,CompShg,NAmes,2
8,4084,Lvl,3,GasA,Typ,Ex,NridgHt,Y,RL,1,CompShg,NridgHt,1
6,1632,Lvl,0,GasA,Typ,TA,Edwards,Y,RL,1,CompShg,Edwards,0
10,4012,Lvl,2,GasA,Typ,Gd,OldTown,Y,RM,1,CompShg,OldTown,1
4,2457,Lvl,1,GasA,Typ,Gd,BrkSide,Y,RM,1,CompShg,BrkSide,0
8,3896,Lvl,3,GasA,Typ,Gd,Timber,Y,RL,1,CompShg,Timber,2
6,1654,Lvl,1,GasA,Typ,Fa,BrkSide,Y,RL,1,CompShg,BrkSide,0
5,1700,Lvl,2,GasA,Typ,TA,Sawyer,Y,RL,1,CompShg,Sawyer,0
5,2910,Low,1,GasA,Typ,Ex,ClearCr,Y,RL,1,Tar&Grv,ClearCr,2
5,1521,Lvl,1,GasA,Typ,TA,BrkSide,Y,RM,1,CompShg,BrkSide,0
7,2352,Lvl,2,GasA,Typ,Gd,CollgCr,Y,RL,1,CompShg,CollgCr,0
10,4018,Lvl,3,GasA,Typ,Ex,NridgHt,Y,RL,1,CompShg,NridgHt,1
5,1632,Lvl,2,GasA,Typ,TA,Mitchel,Y,RL,1,CompShg,Mitchel,0
6,1696,Lvl,2,GasA,Typ,Gd,CollgCr,Y,RM,1,CompShg,CollgCr,0
5,1848,Lvl,1,GasA,Typ,TA,CollgCr,Y,RL,1,CompShg,CollgCr,0
8,3640,Lvl,3,GasA,Typ,Gd,StoneBr,Y,RL,1,CompShg,StoneBr,1
6,2052,Lvl,1,GasA,Typ,TA,OldTown,N,RM,1,CompShg,OldTown,0
7,2660,Lvl,3,GasA,Typ,Gd,Blmngtn,Y,RL,1,CompShg,Blmngtn,1
5,3077,Bnk,2,GasA,Typ,Gd,Crawfor,Y,RL,1,CompShg,Crawfor,1
6,2272,Lvl,2,GasA,Typ,TA,Blueste,Y,RM,1,CompShg,Blueste,1
8,2962,Lvl,2,GasA,Typ,Ex,NridgHt,Y,RL,1,CompShg,NridgHt,1
6,2155,Bnk,1,GasA,Typ,Gd,IDOTRR,Y,RM,1,CompShg,IDOTRR,1
8,2823,Lvl,2,GasA,Typ,Gd,SawyerW,Y,RL,1,CompShg,SawyerW,1
7,1800,Lvl,2,GasA,Typ,Gd,Somerst,Y,FV,1,CompShg,Somerst,0
7,2988,Lvl,2,GasA,Typ,Gd,CollgCr,Y,RL,1,CompShg,CollgCr,1
7,2754,Lvl,2,GasA,Typ,TA,NAmes,Y,RL,1,CompShg,NAmes,3
5,2080,Low,2,GasA,Typ,Gd,CollgCr,Y,RL,1,CompShg,CollgCr,0
5,2904,Bnk,1,GasA,Typ,Ex,Edwards,Y,RL,1,CompShg,Edwards,0
8,4159,HLS,2,GasA,Typ,TA,Crawfor,Y,RL,1,CompShg,Crawfor,2
4,2058,Lvl,1,GasA,Typ,TA,Sawyer,Y,RL,1,CompShg,Sawyer,0
9,3593,Lvl,3,GasA,Typ,Ex,CollgCr,Y,RL,1,CompShg,CollgCr,2
6,2064,Lvl,2,GasA,Typ,TA,NWAmes,Y,RL,1,CompShg,NWAmes,1
8,3171,Lvl,2,GasA,Typ,Ex,CollgCr,Y,RL,1,CompShg,CollgCr,1
5,2240,Lvl,0,GasA,Typ,TA,Mitchel,Y,RL,1,CompShg,Mitchel,0
4,1260,Lvl,0,GasA,Typ,TA,MeadowV,Y,RM,1,CompShg,MeadowV,0
6,1990,Lvl,2,GasA,Typ,Gd,NAmes,Y,RL,1,CompShg,NAmes,0
6,2292,Lvl,2,GasA,Typ,Gd,Gilbert,Y,RL,1,CompShg,Gilbert,1
6,1664,HLS,2,GasA,Typ,Gd,NAmes,Y,RL,1,CompShg,NAmes,0
9,3650,Lvl,3,GasA,Typ,Gd,NridgHt,Y,RL,1,CompShg,NridgHt,1
8,3744,Lvl,3,GasA,Typ,Gd,Timber,Y,RL,1,CompShg,Timber,2
3,1728,Lvl,0,GasA,Typ,TA,Edwards,N,RL,1,CompShg,Edwards,0
6,4136,Lvl,2,GasA,Typ,TA,NWAmes,Y,RL,1,CompShg,NWAmes,1
5,1960,Lvl,2,GasA,Typ,TA,Sawyer,Y,RL,1,CompShg,Sawyer,0
6,2268,Lvl,2,GasA,Typ,Gd,Somerst,Y,FV,1,CompShg,Somerst,1
6,2522,Lvl,2,GasA,Min2,TA,NWAmes,Y,RL,1,CompShg,NWAmes,1
6,2232,Lvl,2,GasA,Typ,TA,NAmes,Y,RL,1,CompShg,NAmes,0
5,2400,Lvl,1,GasA,Min1,TA,NAmes,Y,RL,1,CompShg,NAmes,1
6,2676,Lvl,1,GasA,Typ,TA,NAmes,Y,RL,1,CompShg,NAmes,2
5,3120,HLS,2,GasA,Typ,Fa,NAmes,Y,RL,1,CompShg,NAmes,2
6,2598,Lvl,2,GasA,Typ,TA,NAmes,Y,RL,1,WdShngl,NAmes,0
5,2386,Lvl,1,GasA,Typ,Ex,OldTown,Y,RM,1,CompShg,OldTown,0
8,3108,Lvl,2,GasA,Typ,Gd,NridgHt,Y,RL,1,CompShg,NridgHt,1
7,2797,Lvl,2,GasA,Typ,TA,NWAmes,Y,RL,1,CompShg,NWAmes,1
5,2112,Lvl,1,GasA,Typ,TA,NAmes,Y,RL,1,CompShg,NAmes,0
6,2112,Lvl,2,GasA,Typ,TA,OldTown,Y,RL,2,CompShg,OldTown,0
6,4320,Bnk,0,GasA,Typ,Fa,SWISU,Y,RH,2,CompShg,SWISU,0
2,1064,Lvl,0,Grav,Maj1,Fa,BrkSide,N,RM,1,CompShg,BrkSide,1
5,2198,Lvl,1,GasA,Typ,Gd,OldTown,Y,RM,2,CompShg,OldTown,0
5,1592,Lvl,0,GasA,Typ,TA,Edwards,Y,RL,1,CompShg,Edwards,0
8,3087,Lvl,3,GasA,Typ,Ex,Blmngtn,Y,RL,1,CompShg,Blmngtn,1
8,3036,Lvl,2,GasA,Typ,Ex,NridgHt,Y,RL,1,CompShg,NridgHt,1
7,2986,Lvl,2,GasA,Typ,Gd,Somerst,Y,FV,1,CompShg,Somerst,1
8,4656,Lvl,2,GasA,Typ,Ex,NAmes,Y,RL,1,CompShg,NAmes,3
5,2400,Lvl,2,GasA,Min1,TA,NWAmes,Y,RL,1,CompShg,NWAmes,0
9,3532,Lvl,3,GasA,Typ,Ex,Somerst,Y,FV,1,CompShg,Somerst,1
6,1962,Lvl,2,GasA,Typ,TA,NAmes,Y,RL,1,CompShg,NAmes,0
5,1048,Lvl,2,GasA,Min1,TA,NAmes,Y,RL,1,CompShg,NAmes,0
6,2188,Lvl,2,GasA,Typ,TA,Edwards,Y,RL,1,CompShg,Edwards,2
6,2595,Lvl,2,GasA,Typ,TA,NAmes,Y,RL,1,CompShg,NAmes,1
4,1260,Lvl,0,GasA,Typ,TA,MeadowV,Y,RM,1,CompShg,MeadowV,0
7,2478,Lvl,2,GasA,Typ,Gd,Somerst,Y,FV,1,CompShg,Somerst,0
4,2265,Lvl,1,GasA,Typ,TA,Edwards,Y,RL,1,CompShg,Edwards,1
7,2596,Lvl,2,GasA,Typ,Gd,CollgCr,Y,RL,1,CompShg,CollgCr,1
6,2225,Lvl,1,GasA,Typ,TA,IDOTRR,Y,RM,1,CompShg,IDOTRR,0
8,4222,Lvl,3,GasA,Typ,Gd,NoRidge,Y,RL,1,CompShg,NoRidge,1
6,1617,Lvl,1,GasA,Typ,TA,BrDale,Y,RM,1,CompShg,BrDale,0
5,2106,Lvl,1,GasA,Typ,Gd,NAmes,Y,RL,1,CompShg,NAmes,0
7,2278,HLS,1,GasA,Typ,TA,Crawfor,Y,RL,1,CompShg,Crawfor,1
6,2370,Lvl,1,GasA,Typ,TA,NAmes,Y,RL,1,CompShg,NAmes,1
5,2972,Lvl,2,GasA,Typ,TA,Edwards,Y,RL,1,CompShg,Edwards,0
7,2728,Lvl,2,GasA,Typ,TA,NWAmes,Y,RL,1,CompShg,NWAmes,1
8,4077,Lvl,3,GasA,Typ,Gd,NoRidge,Y,RL,1,CompShg,NoRidge,1
6,2784,Lvl,2,GasA,Maj2,TA,NAmes,Y,RL,1,CompShg,NAmes,2
4,2319,Lvl,2,GasA,Typ,TA,Edwards,Y,RL,1,CompShg,Edwards,0
8,4174,Lvl,3,GasA,Typ,Ex,Somerst,Y,RL,1,CompShg,Somerst,1
8,3342,Lvl,2,GasA,Typ,Gd,Gilbert,Y,RL,1,CompShg,Gilbert,1
6,3401,Lvl,2,GasA,Sev,TA,NAmes,Y,RL,1,Tar&Grv,NAmes,1
6,3087,Lvl,2,GasA,Typ,Gd,SawyerW,Y,RL,1,CompShg,SawyerW,1
5,2625,Bnk,2,GasA,Min2,TA,Sawyer,Y,RL,1,CompShg,Sawyer,1
4,1880,Lvl,1,GasA,Typ,Fa,Crawfor,Y,RL,1,CompShg,Crawfor,1
6,2214,Lvl,2,GasA,Typ,Gd,CollgCr,Y,RL,1,CompShg,CollgCr,0
6,2041,Lvl,1,GasA,Typ,TA,Edwards,N,RH,1,CompShg,Edwards,0
6,2416,Lvl,2,GasA,Typ,TA,Veenker,Y,RL,1,CompShg,Veenker,1
6,3316,Lvl,2,GasA,Typ,Gd,Crawfor,Y,RL,1,CompShg,Crawfor,2
6,2272,Lvl,1,GasA,Typ,TA,NAmes,Y,RL,1,CompShg,NAmes,1
6,2296,Lvl,2,GasA,Typ,TA,NPkVill,Y,RL,1,CompShg,NPkVill,1
4,2869,Lvl,3,GasW,Min2,TA,OldTown,N,RM,2,CompShg,OldTown,0
5,1560,Lvl,1,GasA,Typ,Gd,OldTown,Y,RL,1,CompShg,OldTown,0
8,4092,Lvl,3,GasA,Typ,Gd,StoneBr,Y,RL,1,CompShg,StoneBr,1
5,1976,Lvl,2,GasA,Typ,TA,Sawyer,Y,RL,1,CompShg,Sawyer,0
6,1846,Lvl,1,GasA,Typ,TA,SawyerW,Y,RL,1,CompShg,SawyerW,1
5,2313,Bnk,1,GasA,Typ,TA,SWISU,Y,RH,1,CompShg,SWISU,0
6,2582,HLS,2,GasA,Typ,Gd,ClearCr,Y,RL,1,CompShg,ClearCr,1
9,3294,Lvl,3,GasA,Typ,Gd,CollgCr,Y,RL,1,CompShg,CollgCr,1
7,3034,Lvl,2,GasA,Typ,TA,NoRidge,Y,RL,1,CompShg,NoRidge,0
7,3280,Lvl,2,GasA,Min1,Gd,StoneBr,Y,RL,1,CompShg,StoneBr,1
7,2635,Lvl,2,GasA,Typ,Gd,Somerst,Y,FV,1,CompShg,Somerst,0
7,1653,Lvl,2,GasA,Typ,Gd,Somerst,Y,FV,1,CompShg,Somerst,0
8,2838,HLS,2,GasA,Typ,Gd,StoneBr,Y,RL,1,CompShg,StoneBr,1
6,2724,Lvl,2,GasA,Typ,Gd,NridgHt,Y,RL,1,CompShg,NridgHt,1
6,1696,Lvl,2,GasA,Typ,Gd,CollgCr,Y,RM,1,CompShg,CollgCr,1
10,6760,Lvl,3,GasA,Typ,Ex,NoRidge,Y,RL,1,WdShngl,NoRidge,2
7,3729,Lvl,2,GasA,Typ,Gd,Timber,Y,RL,1,CompShg,Timber,2
5,2146,Lvl,1,GasA,Typ,TA,OldTown,Y,RL,1,CompShg,OldTown,0
5,2466,Lvl,2,GasA,Typ,TA,BrkSide,Y,RM,1,CompShg,BrkSide,0
6,2249,Lvl,2,GasA,Typ,Gd,Timber,Y,RL,1,CompShg,Timber,1
5,1232,Lvl,1,GasA,Typ,TA,BrkSide,Y,RM,1,CompShg,BrkSide,0
5,2128,Lvl,1,GasA,Typ,TA,Edwards,Y,RL,1,CompShg,Edwards,0
5,1788,Lvl,1,GasA,Typ,TA,Sawyer,Y,RL,1,CompShg,Sawyer,1
7,2782,Lvl,2,GasA,Typ,Gd,Somerst,Y,FV,1,CompShg,Somerst,0
8,3600,Lvl,3,GasA,Typ,Gd,Timber,Y,RL,1,CompShg,Timber,1
7,2328,Lvl,2,GasA,Typ,TA,NWAmes,Y,RL,1,CompShg,NWAmes,0
8,3810,Lvl,3,GasA,Typ,Ex,StoneBr,Y,RL,1,CompShg,StoneBr,1
5,2172,Lvl,2,GasA,Typ,Gd,OldTown,Y,RM,2,CompShg,OldTown,1
7,2957,Lvl,2,GasA,Typ,Gd,CollgCr,Y,RL,1,CompShg,CollgCr,0
4,1092,Lvl,0,GasA,Mod,Fa,IDOTRR,N,RM,2,CompShg,IDOTRR,0
7,3467,Low,2,GasA,Typ,Gd,ClearCr,Y,RL,1,CompShg,ClearCr,2
8,2648,Lvl,2,GasA,Typ,Gd,NridgHt,Y,RL,1,CompShg,NridgHt,1
7,2184,Lvl,2,GasA,Typ,Gd,Gilbert,Y,RL,1,CompShg,Gilbert,1
5,1780,Lvl,1,GasA,Typ,TA,Sawyer,Y,RL,1,CompShg,Sawyer,0
3,999,Lvl,0,GasA,Maj2,TA,BrkSide,Y,RL,1,CompShg,BrkSide,0
4,2037,HLS,1,GasA,Typ,TA,IDOTRR,Y,C (all),1,CompShg,IDOTRR,0
8,2456,HLS,2,GasA,Typ,Gd,StoneBr,Y,RL,1,CompShg,StoneBr,1
4,1920,Lvl,2,GasW,Typ,TA,BrkSide,N,RL,1,CompShg,BrkSide,0
6,2204,Lvl,2,GasA,Typ,Gd,Sawyer,Y,RL,1,CompShg,Sawyer,0
6,2414,Lvl,2,GasA,Typ,TA,NWAmes,Y,RL,1,CompShg,NWAmes,1
7,3272,Bnk,2,GasA,Typ,TA,OldTown,Y,RM,1,CompShg,OldTown,0
5,2354,Lvl,2,GasA,Typ,Gd,NWAmes,Y,RL,1,CompShg,NWAmes,1
7,3729,Lvl,3,GasA,Typ,Gd,NoRidge,Y,RL,1,CompShg,NoRidge,1
5,1942,Lvl,1,GasA,Typ,TA,CollgCr,Y,RL,1,CompShg,CollgCr,1
8,3484,Low,2,GasA,Typ,Gd,StoneBr,Y,RL,1,CompShg,StoneBr,1
6,1696,Lvl,2,GasA,Typ,Gd,CollgCr,Y,RM,1,CompShg,CollgCr,0
4,1728,Lvl,2,GasA,Typ,TA,NAmes,Y,RL,1,CompShg,NAmes,0
4,2411,Lvl,1,GasA,Typ,TA,Edwards,Y,RL,1,CompShg,Edwards,0
9,3396,Lvl,3,GasA,Typ,Ex,Edwards,Y,RL,1,CompShg,Edwards,1
4,1728,Lvl,2,GasA,Typ,Gd,NAmes,Y,RL,1,CompShg,NAmes,0
6,2560,Lvl,2,GasA,Typ,Gd,Crawfor,Y,RL,1,CompShg,Crawfor,1
7,2464,Lvl,2,GasA,Typ,Gd,CollgCr,Y,RL,1,CompShg,CollgCr,0
5,3360,Lvl,3,GasA,Typ,TA,NAmes,Y,RL,2,CompShg,NAmes,0
4,1628,Lvl,2,GasA,Typ,TA,IDOTRR,Y,RM,1,CompShg,IDOTRR,0
8,3211,Lvl,2,GasA,Typ,Gd,StoneBr,Y,RL,1,CompShg,StoneBr,1
7,2014,Lvl,2,GasA,Typ,Gd,Timber,Y,RL,1,CompShg,Timber,1
7,3184,Lvl,2,GasA,Typ,Gd,CollgCr,Y,RL,1,CompShg,CollgCr,1
5,2008,Lvl,1,GasA,Typ,TA,Sawyer,Y,RL,1,CompShg,Sawyer,1
5,1896,Lvl,1,GasA,Typ,TA,Sawyer,Y,RL,1,CompShg,Sawyer,0
7,2648,Lvl,2,GasW,Typ,TA,OldTown,N,RM,1,CompShg,OldTown,2
3,1040,Lvl,2,GasA,Typ,TA,NAmes,N,RL,2,CompShg,NAmes,0
8,2694,HLS,3,GasA,Typ,Gd,Gilbert,Y,RL,1,CompShg,Gilbert,1
5,2400,Lvl,0,GasA,Typ,TA,Edwards,Y,RL,1,CompShg,Edwards,0
7,2592,Lvl,2,GasA,Typ,Gd,CollgCr,Y,RL,1,CompShg,CollgCr,0
5,1696,Lvl,2,GasA,Typ,TA,OldTown,Y,RM,1,CompShg,OldTown,0
6,1824,Lvl,1,GasA,Typ,Gd,Sawyer,Y,RL,1,CompShg,Sawyer,0
7,2698,Lvl,2,GasA,Typ,TA,SawyerW,Y,RL,1,CompShg,SawyerW,0
5,1984,Lvl,2,GasA,Min2,TA,Sawyer,Y,RL,1,CompShg,Sawyer,1
8,2674,HLS,2,GasA,Typ,Gd,StoneBr,Y,RL,1,CompShg,StoneBr,1
8,3857,Lvl,2,GasA,Typ,Gd,NWAmes,Y,RL,1,CompShg,NWAmes,2
7,3208,Lvl,2,GasA,Typ,Gd,Gilbert,Y,RL,1,CompShg,Gilbert,1
7,3880,Lvl,4,GasW,Typ,Gd,OldTown,N,RM,1,CompShg,OldTown,1
7,3440,Lvl,2,GasA,Typ,Gd,NoRidge,Y,RL,1,CompShg,NoRidge,1
4,1529,Lvl,1,Wall,Mod,TA,Edwards,N,RL,1,CompShg,Edwards,0
4,1716,Lvl,0,GasA,Min2,TA,OldTown,Y,RM,1,CompShg,OldTown,0
7,1980,Lvl,2,GasA,Typ,Gd,Gilbert,Y,RL,1,CompShg,Gilbert,0
6,2973,Lvl,2,GasA,Typ,Gd,CollgCr,Y,RL,1,CompShg,CollgCr,0
8,3128,Lvl,3,GasA,Typ,Ex,NridgHt,Y,RL,1,CompShg,NridgHt,1
6,2052,Lvl,2,GasA,Typ,Gd,NAmes,Y,RL,1,CompShg,NAmes,0
6,2200,Lvl,2,GasA,Typ,TA,Somerst,Y,FV,1,CompShg,Somerst,0
8,2634,Lvl,2,GasA,Typ,Gd,CollgCr,Y,RL,1,CompShg,CollgCr,0
6,2058,Lvl,2,GasA,Typ,TA,Sawyer,Y,RL,1,CompShg,Sawyer,1
7,2245,Lvl,2,GasA,Typ,TA,Somerst,Y,FV,1,CompShg,Somerst,0
8,3849,Lvl,3,GasA,Typ,Gd,NoRidge,Y,RL,1,CompShg,NoRidge,1
6,1728,Lvl,1,GasA,Typ,TA,NAmes,Y,RL,1,CompShg,NAmes,0
5,2446,Lvl,2,GasA,Min1,Fa,BrkSide,Y,RM,1,CompShg,BrkSide,0
7,2303,Lvl,2,GasA,Typ,Gd,Somerst,Y,FV,1,CompShg,Somerst,0
8,3617,Lvl,3,GasA,Typ,Gd,NoRidge,Y,RL,1,CompShg,NoRidge,1
8,2988,Lvl,2,GasA,Typ,Ex,Veenker,Y,RL,1,CompShg,Veenker,1
9,3004,Lvl,2,GasA,Typ,Ex,Somerst,Y,RL,1,CompShg,Somerst,1
7,2694,Lvl,2,GasA,Typ,TA,NWAmes,Y,RL,1,CompShg,NWAmes,1
6,2733,Lvl,1,GasA,Mod,TA,Mitchel,Y,RL,1,CompShg,Mitchel,0
7,3696,Lvl,2,GasA,Typ,Gd,CollgCr,Y,RL,1,CompShg,CollgCr,1
8,4929,HLS,3,GasA,Mod,Ex,StoneBr,Y,RL,1,CompShg,StoneBr,1
5,1716,Lvl,2,GasA,Typ,TA,Sawyer,Y,RL,1,CompShg,Sawyer,0
4,2056,Lvl,2,GasA,Typ,TA,Edwards,Y,RL,1,CompShg,Edwards,0
6,2146,Lvl,2,GasA,Typ,TA,Edwards,Y,RL,1,CompShg,Edwards,1
5,1824,Lvl,1,GasA,Typ,TA,NAmes,Y,RL,1,CompShg,NAmes,0
8,3908,Lvl,3,GasA,Typ,Gd,NridgHt,Y,RL,1,CompShg,NridgHt,1
6,2408,Lvl,2,GasA,Typ,TA,Mitchel,Y,RM,1,CompShg,Mitchel,0
7,3228,Lvl,3,GasA,Typ,Gd,CollgCr,Y,RL,1,CompShg,CollgCr,0
5,1758,Lvl,2,GasA,Typ,TA,Sawyer,Y,RL,1,CompShg,Sawyer,1
5,2020,Lvl,2,GasA,Typ,TA,SawyerW,Y,RH,2,CompShg,SawyerW,2
6,1979,Lvl,2,GasA,Typ,TA,Mitchel,Y,RL,1,CompShg,Mitchel,0
7,2490,Lvl,2,GasA,Typ,TA,Gilbert,Y,RL,1,CompShg,Gilbert,1
6,2364,Lvl,2,GasA,Typ,Gd,SawyerW,Y,RL,1,CompShg,SawyerW,0
7,2843,Lvl,2,GasA,Typ,Gd,CollgCr,Y,RL,1,CompShg,CollgCr,0
5,2207,Lvl,2,GasA,Typ,Gd,Mitchel,Y,RL,1,CompShg,Mitchel,1
6,2226,Lvl,0,GasA,Typ,TA,OldTown,Y,RM,1,CompShg,OldTown,1
6,2714,Lvl,2,GasA,Typ,TA,NWAmes,Y,RL,1,CompShg,NWAmes,1
5,2338,Lvl,1,GasA,Typ,TA,OldTown,Y,RM,1,CompShg,OldTown,0
7,3040,Lvl,2,GasA,Typ,Gd,SawyerW,Y,RL,1,CompShg,SawyerW,0
4,1802,Lvl,1,GasA,Typ,TA,OldTown,Y,RM,1,CompShg,OldTown,0
6,2919,Low,2,GasA,Typ,Gd,ClearCr,Y,RL,1,CompShg,ClearCr,0
7,2290,Lvl,2,GasA,Typ,Gd,Blmngtn,Y,RL,1,CompShg,Blmngtn,1
6,2091,Lvl,2,GasA,Typ,TA,Mitchel,Y,RL,1,CompShg,Mitchel,2
7,3130,Lvl,2,GasA,Typ,TA,NoRidge,Y,RL,1,CompShg,NoRidge,1
8,2992,Lvl,2,GasA,Typ,Gd,Somerst,Y,RL,1,CompShg,Somerst,0
7,2607,Lvl,2,GasA,Typ,Gd,Gilbert,Y,RL,1,CompShg,Gilbert,1
6,2214,Lvl,2,GasA,Typ,TA,SawyerW,Y,RL,1,CompShg,SawyerW,1
6,1945,Lvl,2,GasA,Typ,TA,Sawyer,Y,RL,1,CompShg,Sawyer,1
5,1546,Lvl,1,GasA,Typ,TA,NAmes,Y,RL,1,CompShg,NAmes,0
9,5066,Lvl,3,GasA,Typ,Ex,NridgHt,Y,RL,1,CompShg,NridgHt,2
5,2499,Lvl,1,GasA,Typ,Gd,SWISU,Y,RL,1,CompShg,SWISU,2
6,2304,HLS,2,GasA,Typ,Gd,ClearCr,Y,RL,1,CompShg,ClearCr,0
4,2392,Lvl,2,GasA,Typ,TA,IDOTRR,Y,RM,1,CompShg,IDOTRR,0
7,2184,Lvl,2,GasA,Typ,Gd,CollgCr,Y,RL,1,CompShg,CollgCr,1
9,4556,Lvl,3,GasA,Typ,Ex,NridgHt,Y,RL,1,CompShg,NridgHt,1
5,2064,Lvl,1,GasA,Min1,TA,NAmes,Y,RL,1,CompShg,NAmes,0
7,2845,Lvl,2,GasA,Typ,Ex,Somerst,Y,RL,1,CompShg,Somerst,0
5,1960,Lvl,1,GasA,Typ,TA,NAmes,Y,RL,1,CompShg,NAmes,0
5,2900,Lvl,2,GasA,Typ,Gd,BrkSide,Y,RL,1,CompShg,BrkSide,1
5,2110,Lvl,2,GasA,Typ,TA,NAmes,Y,RL,1,CompShg,NAmes,1
5,2987,Lvl,2,GasA,Typ,TA,OldTown,N,RM,3,CompShg,OldTown,0
6,2349,Lvl,2,GasA,Typ,Gd,NWAmes,Y,RL,1,CompShg,NWAmes,1
6,1696,Lvl,2,GasA,Typ,Gd,CollgCr,Y,RM,1,CompShg,CollgCr,1
5,1584,Bnk,2,GasA,Typ,Fa,IDOTRR,N,C (all),1,CompShg,IDOTRR,0
6,2884,Lvl,1,GasA,Typ,TA,NAmes,Y,RL,1,CompShg,NAmes,0
5,1936,Lvl,1,GasW,Typ,Fa,Edwards,Y,RL,1,CompShg,Edwards,0
7,3310,Lvl,2,GasA,Typ,Gd,CollgCr,Y,RL,1,CompShg,CollgCr,0
5,2016,Lvl,1,GasA,Typ,TA,NAmes,Y,RL,1,CompShg,NAmes,1
8,3257,Lvl,3,GasA,Typ,Gd,Mitchel,Y,RL,1,CompShg,Mitchel,2
6,2062,Lvl,2,GasA,Typ,TA,ClearCr,Y,RL,1,CompShg,ClearCr,0
7,2716,Lvl,2,GasA,Typ,Gd,NridgHt,Y,RL,1,CompShg,NridgHt,1
7,2438,Lvl,2,GasA,Typ,Gd,CollgCr,Y,RL,1,CompShg,CollgCr,0
4,1872,Bnk,2,GasA,Min2,TA,OldTown,N,RM,1,CompShg,OldTown,0
7,2580,Lvl,2,GasA,Typ,Gd,Gilbert,Y,RL,1,CompShg,Gilbert,1
6,2267,Lvl,1,GasA,Typ,TA,SWISU,Y,RL,1,CompShg,SWISU,1
8,2978,Lvl,2,GasA,Typ,Gd,Somerst,Y,FV,1,CompShg,Somerst,1
10,4162,Lvl,3,GasA,Typ,Ex,NridgHt,Y,RL,1,CompShg,NridgHt,1
5,1568,Lvl,0,GasA,Typ,Gd,BrkSide,Y,RM,1,CompShg,BrkSide,0
7,2888,Lvl,2,GasA,Typ,Gd,SawyerW,Y,RL,1,CompShg,SawyerW,1
5,3139,Low,2,GasA,Min2,TA,ClearCr,Y,RL,1,Tar&Grv,ClearCr,0
7,1743,Lvl,2,GasA,Typ,Gd,Somerst,Y,FV,1,CompShg,Somerst,0
6,2784,Lvl,2,GasA,Typ,TA,NAmes,Y,RL,1,CompShg,NAmes,2
7,1720,Lvl,2,GasA,Typ,Gd,Somerst,Y,FV,1,CompShg,Somerst,0
7,2770,Lvl,2,GasA,Typ,Gd,CollgCr,Y,RL,1,CompShg,CollgCr,1
6,3032,Lvl,2,GasA,Typ,TA,NAmes,Y,RL,1,CompShg,NAmes,0
5,2288,Lvl,2,GasA,Typ,TA,NAmes,Y,RL,1,CompShg,NAmes,0
4,2134,Lvl,2,GasA,Min2,Gd,Sawyer,Y,RL,1,CompShg,Sawyer,0
5,3118,Lvl,2,GasA,Min2,TA,OldTown,Y,RM,1,CompShg,OldTown,0
6,1470,Lvl,1,GasA,Typ,TA,BrDale,Y,RM,1,CompShg,BrDale,0
5,2198,Lvl,1,GasA,Typ,Gd,CollgCr,Y,RL,1,CompShg,CollgCr,0
5,1968,Lvl,1,GasA,Typ,TA,Edwards,Y,RL,1,CompShg,Edwards,0
6,2154,Lvl,1,GasA,Typ,Fa,SWISU,N,RH,1,CompShg,SWISU,0
5,2189,Lvl,2,GasA,Typ,Gd,OldTown,Y,RM,1,CompShg,OldTown,1
6,2292,Lvl,2,GasA,Typ,TA,NAmes,Y,RL,1,CompShg,NAmes,0
5,3600,Lvl,0,GasA,Typ,TA,NAmes,N,RL,2,CompShg,NAmes,0
5,2292,Lvl,3,GasA,Typ,TA,OldTown,Y,RM,1,CompShg,OldTown,1
5,3091,Lvl,2,GasA,Min2,TA,Sawyer,Y,RL,1,CompShg,Sawyer,2
7,2515,Lvl,2,GasA,Typ,Gd,SawyerW,Y,RL,1,CompShg,SawyerW,1
5,1728,Lvl,1,GasA,Typ,TA,CollgCr,Y,RL,1,CompShg,CollgCr,1
6,3265,Bnk,2,GasA,Typ,TA,ClearCr,Y,RL,1,CompShg,ClearCr,1
6,2383,Lvl,2,GasA,Typ,TA,Veenker,Y,RL,1,CompShg,Veenker,1
6,1696,Lvl,2,GasA,Typ,Gd,CollgCr,Y,RM,1,CompShg,CollgCr,0
8,2729,Lvl,2,GasA,Typ,Gd,Blmngtn,Y,RL,1,CompShg,Blmngtn,1
7,2564,Lvl,1,GasA,Typ,TA,Crawfor,Y,RL,1,CompShg,Crawfor,2
6,2572,Lvl,2,GasA,Typ,TA,NAmes,Y,RL,1,CompShg,NAmes,1
5,3542,Lvl,2,GasA,Typ,TA,Sawyer,Y,RL,1,CompShg,Sawyer,1
5,2080,Lvl,1,GasA,Typ,TA,Sawyer,Y,RL,1,CompShg,Sawyer,0
6,1966,Low,2,GasA,Typ,TA,CollgCr,Y,RL,1,CompShg,CollgCr,0
6,2183,Lvl,2,GasA,Typ,TA,Gilbert,Y,RL,1,CompShg,Gilbert,1
7,2460,Lvl,2,GasA,Typ,TA,NWAmes,Y,RL,1,CompShg,NWAmes,1
6,3708,Lvl,2,GasA,Typ,Gd,NWAmes,Y,RL,1,CompShg,NWAmes,1
7,2338,Lvl,1,GasA,Typ,Gd,Crawfor,Y,RL,1,CompShg,Crawfor,1
5,2078,Lvl,2,GasA,Typ,TA,Sawyer,Y,RL,1,CompShg,Sawyer,0
6,2137,Lvl,2,GasA,Typ,TA,SawyerW,Y,RL,1,CompShg,SawyerW,0
5,2296,Lvl,1,GasA,Typ,TA,NAmes,Y,RL,1,CompShg,NAmes,0
7,2744,Lvl,2,GasA,Typ,Gd,Somerst,Y,FV,1,CompShg,Somerst,0
5,2004,Lvl,2,GasA,Typ,TA,NAmes,Y,RL,1,CompShg,NAmes,0
8,3284,HLS,3,GasA,Typ,Gd,Timber,Y,RL,1,CompShg,Timber,1
4,2160,Lvl,2,GasA,Typ,Fa,Sawyer,Y,RL,1,CompShg,Sawyer,0
5,2267,Lvl,2,GasA,Typ,TA,Gilbert,Y,RL,1,CompShg,Gilbert,1
7,2999,Lvl,2,GasA,Typ,Gd,SawyerW,Y,RL,1,CompShg,SawyerW,1
5,1788,Lvl,1,GasA,Typ,TA,NAmes,N,RL,1,CompShg,NAmes,0
6,2486,Lvl,2,GasA,Typ,Gd,CollgCr,Y,RL,1,CompShg,CollgCr,0
5,1015,Lvl,2,GasA,Typ,Gd,NAmes,Y,RL,1,CompShg,NAmes,0
5,1868,Lvl,1,GasA,Typ,TA,NAmes,Y,RL,1,CompShg,NAmes,1
5,1807,Lvl,1,GasA,Typ,TA,OldTown,Y,RM,1,CompShg,OldTown,0
8,3794,Lvl,2,GasA,Typ,Ex,Somerst,Y,FV,1,CompShg,Somerst,1
4,2104,HLS,2,GasA,Typ,TA,Mitchel,Y,RL,1,CompShg,Mitchel,0
9,3686,Lvl,3,GasA,Typ,Ex,NridgHt,Y,RL,1,CompShg,NridgHt,1
5,2264,Lvl,2,GasA,Min2,Gd,Sawyer,Y,RL,1,CompShg,Sawyer,0
5,1728,Lvl,1,GasA,Typ,TA,CollgCr,Y,RL,1,CompShg,CollgCr,0
5,2180,Lvl,2,GasA,Typ,TA,Edwards,Y,RL,1,CompShg,Edwards,0
7,2873,Lvl,2,GasA,Typ,Gd,Timber,Y,RL,1,CompShg,Timber,1
6,2401,Lvl,2,GasA,Typ,TA,Gilbert,Y,RL,1,CompShg,Gilbert,1
4,2544,Bnk,1,GasA,Typ,TA,SWISU,N,RL,1,CompShg,SWISU,0
5,1784,Lvl,1,GasA,Typ,TA,NAmes,Y,RL,1,CompShg,NAmes,0
9,3407,Lvl,2,GasA,Typ,Gd,Somerst,Y,FV,1,CompShg,Somerst,1
5,3338,Lvl,2,GasA,Typ,TA,NAmes,Y,RL,2,CompShg,NAmes,0
5,2209,Lvl,1,GasA,Typ,TA,Edwards,Y,RL,1,CompShg,Edwards,0
8,4434,Lvl,2,GasA,Typ,Gd,NAmes,Y,RL,1,Tar&Grv,NAmes,1
6,3010,Lvl,2,GasA,Typ,TA,NAmes,Y,RL,1,CompShg,NAmes,1
5,1596,Lvl,2,GasA,Typ,TA,NAmes,Y,RL,1,CompShg,NAmes,1
6,2601,Lvl,2,GasA,Typ,TA,Sawyer,Y,RL,1,CompShg,Sawyer,1
6,2127,Lvl,1,GasA,Typ,TA,Sawyer,Y,RL,1,CompShg,Sawyer,0
5,2766,Lvl,1,GasA,Typ,TA,Sawyer,Y,RL,1,CompShg,Sawyer,1
5,1535,Bnk,2,GasA,Typ,TA,SawyerW,Y,RL,2,CompShg,SawyerW,0
6,2576,Lvl,2,GasA,Typ,TA,NAmes,Y,RL,1,CompShg,NAmes,1
4,1902,Lvl,1,GasA,Typ,TA,IDOTRR,N,RM,1,CompShg,IDOTRR,0
5,2240,Lvl,2,GasA,Typ,TA,SawyerW,Y,RL,2,CompShg,SawyerW,0
9,4694,Lvl,3,GasA,Typ,Ex,NridgHt,Y,RL,1,CompShg,NridgHt,2
5,2148,Lvl,1,GasA,Typ,TA,Sawyer,Y,RL,1,CompShg,Sawyer,1
4,1716,Lvl,1,GasA,Typ,TA,NAmes,Y,RL,1,CompShg,NAmes,0
5,2298,Lvl,1,GasA,Typ,TA,NAmes,Y,RL,1,CompShg,NAmes,0
7,2292,Lvl,2,GasA,Typ,Gd,Gilbert,Y,RL,1,CompShg,Gilbert,1
7,3340,HLS,3,GasA,Typ,Gd,Gilbert,Y,RL,1,CompShg,Gilbert,1
5,1778,Lvl,1,GasA,Typ,TA,Sawyer,Y,RL,1,CompShg,Sawyer,0
5,2119,Lvl,1,GasA,Typ,TA,NAmes,Y,RL,1,CompShg,NAmes,0
8,3259,Lvl,3,GasA,Typ,Gd,Somerst,Y,RL,1,CompShg,Somerst,1
7,3074,Lvl,1,GasA,Typ,Gd,Crawfor,Y,RL,1,CompShg,Crawfor,1
5,1766,Low,2,GasA,Typ,TA,Mitchel,Y,RL,1,CompShg,Mitchel,0
6,2226,Lvl,2,GasA,Typ,Gd,Gilbert,Y,RL,1,CompShg,Gilbert,1
5,3379,Lvl,2,GasA,Typ,TA,NAmes,Y,RL,2,CompShg,NAmes,0
5,2536,Lvl,1,GasA,Typ,Gd,CollgCr,Y,RL,1,CompShg,CollgCr,0
5,1783,Lvl,1,GasA,Min1,TA,BrkSide,N,RM,1,CompShg,BrkSide,0
5,3003,HLS,3,GasA,Typ,TA,Crawfor,N,RH,2,CompShg,Crawfor,0
6,1836,Lvl,2,GasA,Typ,Gd,Somerst,Y,FV,1,CompShg,Somerst,0
4,1638,Lvl,1,GasA,Typ,TA,MeadowV,Y,RM,1,CompShg,MeadowV,0
2,960,Lvl,1,GasA,Typ,TA,IDOTRR,N,C (all),1,CompShg,IDOTRR,0
4,2363,Lvl,1,GasA,Typ,TA,Edwards,Y,RL,1,CompShg,Edwards,0
7,3231,Lvl,3,GasA,Typ,Gd,SawyerW,Y,RL,1,CompShg,SawyerW,1
6,2598,Lvl,2,GasA,Min1,TA,NAmes,Y,RL,1,CompShg,NAmes,1
6,2649,Lvl,2,GasA,Typ,Gd,SawyerW,Y,RL,1,CompShg,SawyerW,0
5,3472,Lvl,0,GasA,Typ,TA,Edwards,Y,RL,2,CompShg,Edwards,0
6,2632,Lvl,2,GasA,Typ,Gd,Gilbert,Y,RL,1,CompShg,Gilbert,1
6,3221,Lvl,2,GasA,Typ,Gd,SawyerW,Y,RL,1,CompShg,SawyerW,1
6,3372,Lvl,2,GasA,Typ,TA,NWAmes,Y,RL,1,CompShg,NWAmes,1
5,2252,Lvl,2,GasA,Typ,Ex,NWAmes,Y,RL,1,CompShg,NWAmes,0
8,3555,Lvl,3,GasA,Typ,Ex,NridgHt,Y,RL,1,CompShg,NridgHt,1
7,2810,Lvl,2,GasA,Typ,TA,NWAmes,Y,RL,1,CompShg,NWAmes,1
8,3541,Lvl,2,GasA,Typ,Ex,CollgCr,Y,RL,1,CompShg,CollgCr,1
7,3200,Lvl,2,GasA,Typ,Gd,Gilbert,Y,RL,1,CompShg,Gilbert,1
8,2932,HLS,3,GasA,Typ,Gd,Timber,Y,RL,1,CompShg,Timber,0
5,1850,Lvl,1,GasA,Typ,TA,NAmes,Y,RL,1,CompShg,NAmes,0
9,3810,Lvl,3,GasA,Typ,Ex,Somerst,Y,RL,1,CompShg,Somerst,1
7,3000,Lvl,2,GasA,Typ,Gd,CollgCr,Y,RL,1,CompShg,CollgCr,0
7,2654,HLS,2,GasA,Typ,Gd,NAmes,Y,RL,1,Tar&Grv,NAmes,1
4,1347,Lvl,2,GasA,Typ,TA,BrkSide,Y,RL,1,CompShg,BrkSide,0
7,2376,Lvl,2,GasA,Typ,Gd,SawyerW,Y,RL,1,CompShg,SawyerW,0
7,3084,Lvl,2,GasA,Typ,Gd,Somerst,Y,RL,1,CompShg,Somerst,1
7,3353,Lvl,3,GasA,Typ,Gd,CollgCr,Y,RL,1,CompShg,CollgCr,0
7,3435,Lvl,1,GasA,Typ,TA,ClearCr,Y,RL,1,CompShg,ClearCr,2
6,3456,Lvl,2,GasA,Typ,TA,Mitchel,Y,RL,2,CompShg,Mitchel,0
7,3052,Lvl,2,GasA,Typ,Gd,Gilbert,Y,RL,1,CompShg,Gilbert,1
4,2880,Lvl,0,GasA,Typ,TA,Edwards,Y,RL,2,CompShg,Edwards,0
5,3264,Low,2,GasA,Typ,TA,Mitchel,Y,RL,2,CompShg,Mitchel,0
6,2163,Lvl,2,GasA,Typ,Gd,Timber,Y,RL,1,CompShg,Timber,1
5,2837,Lvl,2,GasA,Typ,TA,OldTown,Y,RM,1,CompShg,OldTown,0
5,2288,Lvl,1,GasA,Typ,TA,NAmes,Y,RL,1,CompShg,NAmes,1
8,3245,Lvl,3,GasA,Typ,Gd,Timber,Y,RL,1,CompShg,Timber,1
7,2712,Lvl,2,GasA,Typ,Gd,CollgCr,Y,RL,1,CompShg,CollgCr,1
6,2542,Lvl,2,GasA,Typ,Gd,NWAmes,Y,RL,1,CompShg,NWAmes,1
5,1728,Lvl,2,GasA,Typ,Gd,NAmes,Y,RL,1,CompShg,NAmes,0
5,1793,Lvl,1,GasA,Typ,TA,SawyerW,Y,RH,1,CompShg,SawyerW,0
5,1536,Lvl,1,GasA,Typ,TA,CollgCr,Y,RL,1,CompShg,CollgCr,0
5,2752,Lvl,2,GasA,Min2,TA,Mitchel,Y,RL,1,CompShg,Mitchel,1
6,1925,Lvl,0,GasA,Typ,TA,Edwards,Y,RL,0,Tar&Grv,Edwards,0
6,2937,HLS,2,GasA,Typ,TA,Crawfor,N,RH,2,CompShg,Crawfor,0
6,1790,Lvl,2,GasA,Typ,TA,Blueste,Y,RM,1,CompShg,Blueste,1
5,2114,Lvl,2,GasA,Typ,TA,Sawyer,Y,RL,1,CompShg,Sawyer,0
7,2674,Lvl,2,GasA,Typ,Gd,CollgCr,Y,RL,1,CompShg,CollgCr,0
7,2112,Lvl,2,GasA,Typ,Gd,Somerst,Y,FV,1,CompShg,Somerst,0
5,1716,Lvl,0,GasA,Typ,TA,BrkSide,Y,RL,1,CompShg,BrkSide,0
6,4202,Lvl,2,GasA,Typ,TA,NWAmes,Y,RL,1,CompShg,NWAmes,1
6,2352,Lvl,2,GasA,Typ,Gd,NPkVill,Y,RL,1,CompShg,NPkVill,1
9,3600,Lvl,2,GasA,Typ,Ex,CollgCr,Y,RL,1,CompShg,CollgCr,0
7,2711,Lvl,2,GasA,Typ,Gd,Timber,Y,RL,1,CompShg,Timber,1
6,2267,Lvl,2,GasA,Typ,Gd,Gilbert,Y,RL,1,CompShg,Gilbert,1
5,2036,HLS,1,GasA,Min2,TA,Crawfor,Y,RL,1,CompShg,Crawfor,2
5,2196,Lvl,1,GasA,Typ,TA,NAmes,Y,RL,1,CompShg,NAmes,0
3,1568,Lvl,0,Grav,Typ,TA,OldTown,N,RM,1,CompShg,OldTown,0
6,1683,Lvl,1,GasA,Typ,TA,NAmes,Y,RL,1,CompShg,NAmes,0
4,1912,Lvl,0,GasA,Typ,TA,NAmes,N,RL,1,CompShg,NAmes,0
7,2390,Lvl,2,GasA,Typ,Gd,NridgHt,Y,RL,1,CompShg,NridgHt,0
6,1836,Lvl,1,GasA,Typ,TA,SawyerW,Y,RL,1,CompShg,SawyerW,1
7,2856,Lvl,2,GasA,Typ,Gd,Somerst,Y,FV,1,CompShg,Somerst,0
7,2747,Lvl,2,GasA,Typ,Gd,BrkSide,N,RL,1,CompShg,BrkSide,0
7,2055,Lvl,2,GasA,Typ,Gd,Somerst,Y,FV,1,CompShg,Somerst,0
4,1309,Bnk,0,GasA,Typ,Fa,BrkSide,Y,RL,1,CompShg,BrkSide,0
7,2482,Lvl,2,GasA,Typ,Gd,Somerst,Y,FV,1,CompShg,Somerst,0
4,1788,Bnk,2,GasA,Typ,TA,Edwards,Y,RL,1,CompShg,Edwards,0
5,2242,Lvl,2,GasA,Typ,TA,Sawyer,Y,RL,1,CompShg,Sawyer,0
7,1943,Lvl,2,GasA,Typ,Ex,NAmes,Y,RL,1,CompShg,NAmes,0
8,3837,Lvl,3,GasA,Typ,Gd,NoRidge,Y,RL,1,CompShg,NoRidge,1
7,2532,Lvl,2,GasA,Typ,Gd,Blmngtn,Y,RL,1,CompShg,Blmngtn,1
8,3418,Lvl,2,GasA,Typ,Gd,CollgCr,Y,RL,1,CompShg,CollgCr,1
5,1734,Lvl,2,GasA,Typ,Gd,Mitchel,Y,RL,2,CompShg,Mitchel,0
5,2328,Lvl,1,GasW,Typ,TA,Edwards,N,RL,1,CompShg,Edwards,0
6,2120,Lvl,1,GasA,Typ,Gd,OldTown,Y,RM,1,CompShg,OldTown,0
9,3870,Lvl,3,GasA,Typ,Ex,NridgHt,Y,RL,1,CompShg,NridgHt,1
6,2878,Lvl,2,GasA,Typ,Gd,NWAmes,Y,RL,1,CompShg,NWAmes,1
7,2346,Lvl,2,GasA,Typ,Gd,Somerst,Y,FV,1,CompShg,Somerst,0
8,3788,Lvl,3,GasA,Typ,Gd,NoRidge,Y,RL,1,CompShg,NoRidge,1
8,2658,Lvl,2,GasA,Typ,Gd,OldTown,Y,RM,1,CompShg,OldTown,1
6,2673,Lvl,2,GasA,Typ,Gd,NAmes,Y,RL,1,CompShg,NAmes,1
6,2250,Lvl,2,GasA,Typ,Gd,CollgCr,Y,RL,1,CompShg,CollgCr,0
10,3418,Lvl,3,GasA,Typ,Ex,NridgHt,Y,RL,1,CompShg,NridgHt,1
4,1977,Lvl,1,GasA,Typ,TA,BrkSide,Y,RL,1,CompShg,BrkSide,0
5,2100,Lvl,1,GasA,Typ,TA,NAmes,Y,RL,1,CompShg,NAmes,0
6,2884,Lvl,2,GasA,Typ,TA,NWAmes,Y,RL,1,CompShg,NWAmes,1
3,2084,Lvl,1,GasA,Typ,TA,IDOTRR,N,RM,1,CompShg,IDOTRR,1
7,2395,Lvl,2,GasA,Typ,Gd,CollgCr,Y,RL,1,CompShg,CollgCr,0
3,944,Lvl,2,GasW,Min1,Fa,Edwards,N,RL,1,Tar&Grv,Edwards,0
5,1382,Lvl,1,GasA,Typ,Ex,OldTown,Y,RL,1,CompShg,OldTown,0
8,3148,Lvl,3,GasA,Typ,Gd,Somerst,Y,RL,1,CompShg,Somerst,1
5,3360,Lvl,2,GasA,Typ,TA,NWAmes,Y,RL,2,CompShg,NWAmes,0
7,2850,Lvl,2,GasA,Typ,Gd,Blmngtn,Y,RL,1,CompShg,Blmngtn,1
5,1970,Lvl,1,GasA,Typ,TA,CollgCr,Y,RL,1,CompShg,CollgCr,0
6,3314,Lvl,2,GasA,Typ,TA,NAmes,Y,RL,1,CompShg,NAmes,1
4,1638,Lvl,1,GasA,Typ,TA,MeadowV,Y,RM,1,CompShg,MeadowV,0
7,3420,Lvl,2,GasA,Typ,Gd,Mitchel,Y,RL,1,CompShg,Mitchel,1
5,2016,Lvl,0,GasA,Typ,TA,SWISU,Y,RL,1,CompShg,SWISU,0
5,1991,Lvl,1,GasA,Typ,TA,Sawyer,Y,RL,1,CompShg,Sawyer,1
5,1664,Lvl,0,GasA,Typ,TA,Edwards,N,RL,2,CompShg,Edwards,0
6,2104,Lvl,1,GasA,Typ,Gd,Crawfor,Y,RL,1,CompShg,Crawfor,2
5,2044,Lvl,1,GasW,Maj2,TA,OldTown,N,RM,1,CompShg,OldTown,0
6,2164,Lvl,1,GasA,Typ,TA,NAmes,Y,RL,1,CompShg,NAmes,1
8,2475,Lvl,2,GasA,Typ,Gd,NWAmes,Y,RL,1,CompShg,NWAmes,0
7,3008,Lvl,2,GasA,Typ,Gd,CollgCr,Y,RL,1,CompShg,CollgCr,1
8,2580,Lvl,2,GasA,Typ,Gd,StoneBr,Y,RL,1,CompShg,StoneBr,1
7,1856,Lvl,2,GasA,Typ,Gd,Gilbert,Y,RL,1,CompShg,Gilbert,1
7,2868,Lvl,2,GasA,Typ,Gd,Blmngtn,Y,RL,1,CompShg,Blmngtn,1
4,2264,Lvl,2,GasA,Typ,Gd,Edwards,Y,RL,1,CompShg,Edwards,0
7,2419,Lvl,2,GasA,Typ,Gd,CollgCr,Y,RL,1,CompShg,CollgCr,0
5,2160,Lvl,1,GasA,Typ,TA,OldTown,Y,RM,1,CompShg,OldTown,0
7,2850,Lvl,2,GasA,Typ,Gd,Blmngtn,Y,RL,1,CompShg,Blmngtn,1
8,4463,Lvl,2,GasA,Typ,Gd,Timber,Y,RL,1,WdShake,Timber,1
5,1764,Lvl,2,GasA,Typ,TA,CollgCr,Y,RL,1,CompShg,CollgCr,0
5,2532,Lvl,2,GasA,Typ,TA,NAmes,Y,RL,1,CompShg,NAmes,2
8,3284,HLS,3,GasA,Typ,Gd,Timber,Y,RL,1,CompShg,Timber,1
5,2144,Lvl,1,GasA,Typ,TA,NAmes,Y,RL,1,CompShg,NAmes,1
6,1890,Lvl,1,GasA,Typ,TA,BrDale,Y,RM,1,CompShg,BrDale,0
5,2614,Lvl,0,GasA,Typ,TA,SWISU,Y,RH,2,CompShg,SWISU,0
7,3509,Lvl,2,GasA,Typ,TA,SWISU,Y,RL,1,CompShg,SWISU,2
8,3858,Lvl,3,GasA,Typ,Gd,NoRidge,Y,RL,1,CompShg,NoRidge,1
7,3308,Lvl,3,GasA,Typ,Gd,CollgCr,Y,RL,1,CompShg,CollgCr,0
5,1874,Bnk,1,GasA,Typ,Fa,Crawfor,Y,RL,1,CompShg,Crawfor,1
4,845,Lvl,1,GasA,Typ,TA,Edwards,N,RL,1,CompShg,Edwards,0
9,3240,HLS,3,GasA,Typ,Ex,Timber,Y,RL,1,CompShg,Timber,1
8,3318,Lvl,2,GasA,Typ,Gd,CollgCr,Y,RL,1,CompShg,CollgCr,1
4,1890,Lvl,0,GasA,Typ,TA,MeadowV,Y,RM,1,CompShg,MeadowV,1
4,1260,Lvl,1,GasA,Typ,TA,MeadowV,Y,RM,1,CompShg,MeadowV,0
5,2937,Lvl,2,GasA,Maj1,TA,Sawyer,Y,RL,1,CompShg,Sawyer,1
6,2432,Lvl,2,GasA,Typ,Gd,NWAmes,Y,RL,1,CompShg,NWAmes,0
6,2612,Lvl,2,GasA,Typ,Gd,NridgHt,Y,RL,1,CompShg,NridgHt,1
7,3804,Lvl,2,GasA,Typ,Gd,SawyerW,Y,RL,1,CompShg,SawyerW,1
8,5048,Lvl,2,GasA,Typ,Gd,NWAmes,Y,RL,1,WdShngl,NWAmes,1
3,1733,Lvl,2,GasA,Min2,TA,Edwards,Y,RL,1,CompShg,Edwards,1
9,4860,Lvl,3,GasA,Typ,Ex,StoneBr,Y,RL,1,CompShg,StoneBr,1
5,1980,Lvl,2,GasA,Typ,TA,CollgCr,Y,RL,1,CompShg,CollgCr,0
5,1771,Lvl,2,GasA,Min1,TA,Mitchel,Y,RL,1,CompShg,Mitchel,1
4,930,Low,1,GasA,Typ,Gd,Edwards,Y,RL,1,CompShg,Edwards,0
7,2604,Lvl,2,GasA,Typ,Gd,Gilbert,Y,RL,1,CompShg,Gilbert,0
7,2632,Lvl,2,GasA,Typ,Gd,CollgCr,Y,RL,1,CompShg,CollgCr,1
6,2793,Lvl,2,GasA,Typ,TA,NAmes,Y,RL,1,CompShg,NAmes,1
5,2742,Lvl,1,GasA,Min2,TA,Edwards,Y,RL,1,CompShg,Edwards,1
8,3054,Lvl,2,GasA,Typ,Gd,CollgCr,Y,RL,1,CompShg,CollgCr,1
6,2716,Lvl,2,GasA,Typ,TA,NWAmes,Y,RL,1,CompShg,NWAmes,1
7,2728,Lvl,2,GasA,Typ,Gd,NridgHt,Y,RL,1,CompShg,NridgHt,1
7,2823,Lvl,2,GasA,Typ,Gd,NoRidge,Y,RL,1,CompShg,NoRidge,1
9,3288,Lvl,3,GasA,Typ,Ex,NridgHt,Y,RL,1,CompShg,NridgHt,1
6,2845,HLS,2,GasA,Typ,TA,Crawfor,Y,RL,1,CompShg,Crawfor,1
8,2676,Lvl,2,GasA,Typ,Gd,StoneBr,Y,RL,1,CompShg,StoneBr,0
3,1788,Low,3,GasA,Typ,TA,IDOTRR,Y,C (all),1,CompShg,IDOTRR,0
5,2999,Lvl,2,GasA,Min2,TA,OldTown,N,RM,2,CompShg,OldTown,0
6,2206,Lvl,2,GasA,Typ,Gd,OldTown,Y,RM,1,CompShg,OldTown,1
5,2308,Lvl,2,GasA,Typ,TA,NAmes,Y,RL,1,CompShg,NAmes,1
7,3566,Lvl,2,GasA,Typ,Gd,ClearCr,Y,RL,1,CompShg,ClearCr,0
6,2370,Lvl,2,GasA,Typ,TA,Gilbert,Y,RL,1,CompShg,Gilbert,1
6,2391,Lvl,2,GasA,Typ,TA,NAmes,Y,RL,1,CompShg,NAmes,0
6,3463,Lvl,2,GasA,Maj1,TA,MeadowV,Y,RM,1,CompShg,MeadowV,1
5,1738,Lvl,2,GasA,Typ,Gd,NAmes,Y,RL,1,CompShg,NAmes,0
5,2096,Lvl,1,GasA,Typ,TA,NAmes,Y,RL,1,CompShg,NAmes,0
6,2283,Lvl,2,GasA,Typ,TA,NWAmes,Y,RL,1,CompShg,NWAmes,0
5,2266,Lvl,1,GasA,Typ,TA,Edwards,Y,RL,1,CompShg,Edwards,1
6,2116,Bnk,2,GasA,Typ,TA,Edwards,Y,RL,1,CompShg,Edwards,0
7,2480,Lvl,3,GasA,Typ,Gd,CollgCr,Y,RL,1,CompShg,CollgCr,0
7,2540,Lvl,1,GasA,Typ,TA,Crawfor,Y,RL,1,CompShg,Crawfor,2
5,2262,Lvl,2,GasA,Min1,Gd,OldTown,Y,RL,1,CompShg,OldTown,1
5,2192,Lvl,1,GasA,Typ,TA,NAmes,Y,RL,1,CompShg,NAmes,0
6,1696,Lvl,2,GasA,Typ,Gd,CollgCr,Y,RM,1,CompShg,CollgCr,1
5,1980,Lvl,1,GasA,Typ,TA,CollgCr,Y,RL,1,CompShg,CollgCr,0
6,2516,Lvl,2,GasA,Typ,Gd,NWAmes,Y,RL,1,CompShg,NWAmes,0
5,2080,Lvl,1,GasA,Typ,TA,Sawyer,Y,RL,1,CompShg,Sawyer,0
7,2918,Lvl,2,GasA,Typ,Gd,CollgCr,Y,RL,1,CompShg,CollgCr,1
6,2502,Lvl,1,GasA,Typ,TA,NAmes,Y,RL,1,CompShg,NAmes,2
6,2189,Lvl,2,GasA,Typ,TA,Gilbert,Y,RL,1,CompShg,Gilbert,1
6,1932,Lvl,2,GasA,Typ,Gd,SawyerW,Y,RL,1,CompShg,SawyerW,0
4,1638,Lvl,1,GasA,Typ,TA,MeadowV,Y,RM,1,CompShg,MeadowV,0
8,3035,Lvl,3,GasA,Typ,Gd,Somerst,Y,FV,1,CompShg,Somerst,1
7,2679,Lvl,2,GasA,Maj1,Gd,Edwards,Y,RM,1,CompShg,Edwards,0
8,2494,Lvl,2,GasA,Typ,Gd,Somerst,Y,FV,1,CompShg,Somerst,1
3,1040,Lvl,2,Wall,Typ,TA,NAmes,N,RL,2,CompShg,NAmes,0
7,1852,Lvl,2,GasA,Typ,Gd,Somerst,Y,FV,1,CompShg,Somerst,0
6,2875,Bnk,2,GasA,Typ,TA,SWISU,Y,RL,1,CompShg,SWISU,1
5,2064,Lvl,2,GasA,Typ,Gd,NAmes,Y,RL,1,CompShg,NAmes,0
5,1872,Lvl,1,GasA,Typ,TA,NAmes,Y,RL,1,CompShg,NAmes,0
6,2628,Lvl,2,GasA,Typ,Gd,CollgCr,Y,RL,1,CompShg,CollgCr,1
6,2039,Lvl,0,GasA,Typ,Gd,IDOTRR,Y,RM,1,CompShg,IDOTRR,0
8,2162,Lvl,2,GasA,Typ,Gd,StoneBr,Y,RL,1,CompShg,StoneBr,0
4,1996,Lvl,1,GasA,Typ,TA,BrkSide,Y,RM,1,CompShg,BrkSide,0
7,2872,Lvl,2,GasA,Typ,TA,NWAmes,Y,RL,1,CompShg,NWAmes,1
2,728,Bnk,1,GasA,Typ,Fa,SWISU,N,RL,1,CompShg,SWISU,0
5,1900,Lvl,1,GasA,Typ,TA,NAmes,Y,RL,1,CompShg,NAmes,0
5,2144,Lvl,1,GasA,Typ,TA,NAmes,Y,RL,1,CompShg,NAmes,0
6,1849,Lvl,2,GasA,Typ,TA,NAmes,Y,RL,1,CompShg,NAmes,1
5,1932,Lvl,2,GasA,Typ,TA,BrDale,Y,RM,1,CompShg,BrDale,0
8,4085,Lvl,2,GasA,Typ,Gd,NoRidge,Y,RL,1,CompShg,NoRidge,2
7,2352,Lvl,2,GasA,Typ,Gd,SawyerW,Y,RL,1,CompShg,SawyerW,1
7,2889,HLS,2,GasA,Typ,Gd,Gilbert,Y,RL,1,CompShg,Gilbert,1
6,2614,Lvl,2,GasA,Typ,TA,Gilbert,Y,RL,1,CompShg,Gilbert,1
8,3672,Lvl,3,GasA,Typ,Gd,NridgHt,Y,RL,1,CompShg,NridgHt,1
6,2431,Lvl,2,GasA,Typ,TA,Gilbert,Y,RL,1,CompShg,Gilbert,1
7,2767,Lvl,2,GasA,Typ,TA,NWAmes,Y,RL,1,CompShg,NWAmes,1
5,1632,Lvl,1,GasA,Typ,TA,NAmes,Y,RL,1,CompShg,NAmes,0
5,2016,Lvl,1,GasA,Typ,Gd,NAmes,Y,RL,1,CompShg,NAmes,0
5,1666,Lvl,1,GasA,Typ,Gd,OldTown,Y,RL,1,CompShg,OldTown,0
8,3468,Lvl,3,GasA,Typ,Ex,NridgHt,Y,RL,1,CompShg,NridgHt,1
8,1827,Lvl,2,GasA,Typ,Gd,Gilbert,Y,RL,1,CompShg,Gilbert,1
5,1788,Lvl,2,GasA,Typ,Gd,Sawyer,Y,RL,1,CompShg,Sawyer,0
5,2134,Lvl,1,GasA,Min2,TA,Sawyer,Y,RL,1,CompShg,Sawyer,0
5,2080,Lvl,1,GasA,Typ,TA,NAmes,Y,RL,1,CompShg,NAmes,0
6,2024,Bnk,1,GasA,Typ,TA,IDOTRR,Y,RM,1,CompShg,IDOTRR,1
7,3104,Lvl,3,GasA,Typ,Gd,CollgCr,Y,RL,1,CompShg,CollgCr,0
4,1632,Lvl,1,GasA,Typ,TA,Edwards,Y,RL,1,CompShg,Edwards,0
5,1396,Lvl,0,GasA,Typ,TA,Edwards,Y,RL,1,CompShg,Edwards,0
7,1866,Lvl,2,GasA,Typ,Gd,Gilbert,Y,RL,1,CompShg,Gilbert,1
4,2010,Lvl,2,GasA,Typ,Fa,NAmes,Y,RL,1,CompShg,NAmes,1
7,2928,Lvl,3,GasA,Typ,Gd,Blmngtn,Y,RL,1,CompShg,Blmngtn,1
7,3060,Lvl,3,GasA,Typ,Gd,Gilbert,Y,RL,1,CompShg,Gilbert,1
7,2806,Lvl,2,GasA,Typ,Gd,Gilbert,Y,RL,1,CompShg,Gilbert,1
5,1872,Lvl,2,GasA,Typ,TA,OldTown,Y,RM,1,CompShg,OldTown,0
4,3103,Lvl,2,GasA,Min2,Gd,SWISU,Y,RL,1,CompShg,SWISU,2
5,1948,Lvl,0,GasA,Typ,TA,Mitchel,Y,RL,1,CompShg,Mitchel,0
6,3218,Lvl,1,GasW,Typ,Fa,OldTown,Y,RM,1,CompShg,OldTown,0
8,3148,Lvl,2,GasA,Typ,Gd,SawyerW,Y,RL,1,CompShg,SawyerW,1
6,2516,HLS,2,GasA,Typ,TA,Gilbert,Y,RL,1,CompShg,Gilbert,1
6,1946,Lvl,1,GasA,Typ,TA,BrkSide,N,RM,1,CompShg,BrkSide,1
6,2284,Lvl,1,GasA,Typ,TA,NAmes,Y,RL,1,CompShg,NAmes,0
5,1800,Lvl,0,GasA,Typ,TA,Sawyer,N,RL,1,CompShg,Sawyer,0
6,3134,Lvl,2,GasA,Typ,Gd,Mitchel,Y,RL,1,CompShg,Mitchel,2
5,2082,Lvl,2,GasA,Maj1,TA,BrkSide,Y,RL,1,CompShg,BrkSide,1
5,1904,Lvl,2,GasA,Typ,TA,NAmes,Y,RL,1,CompShg,NAmes,0
5,2648,Lvl,2,GasA,Typ,Gd,NWAmes,Y,RL,1,CompShg,NWAmes,1
8,4294,Lvl,3,GasA,Typ,Gd,CollgCr,Y,RL,1,CompShg,CollgCr,1
5,2012,Lvl,0,GasA,Typ,TA,Sawyer,Y,RL,1,CompShg,Sawyer,0
4,1596,Lvl,1,Grav,Typ,Fa,Edwards,N,RL,1,CompShg,Edwards,0
5,2618,Lvl,1,GasA,Typ,TA,BrkSide,Y,RM,1,CompShg,BrkSide,1
6,2596,Lvl,2,GasA,Typ,Gd,SawyerW,Y,RL,1,CompShg,SawyerW,1
7,2268,Bnk,1,GasA,Typ,Fa,Crawfor,Y,RL,1,CompShg,Crawfor,1
7,1683,Lvl,1,GasA,Typ,TA,OldTown,Y,RM,1,CompShg,OldTown,1
7,2132,Lvl,2,GasA,Typ,TA,OldTown,Y,RM,1,CompShg,OldTown,0
6,1864,Lvl,1,GasA,Typ,Gd,NAmes,Y,RL,1,CompShg,NAmes,1
5,2932,Lvl,2,GasA,Typ,Fa,Edwards,Y,RL,1,CompShg,Edwards,2
6,2884,Lvl,2,GasA,Typ,Ex,Crawfor,Y,RL,1,CompShg,Crawfor,1
6,1632,Lvl,1,GasA,Typ,TA,IDOTRR,Y,RM,1,CompShg,IDOTRR,0
7,2684,Lvl,2,GasA,Typ,Gd,NAmes,Y,RL,1,CompShg,NAmes,2
5,2874,Lvl,2,GasA,Typ,Gd,Veenker,Y,RL,1,CompShg,Veenker,1
5,2484,Lvl,2,GasA,Typ,Gd,NAmes,Y,RL,1,CompShg,NAmes,1
7,2628,Lvl,2,GasA,Typ,Gd,NridgHt,Y,RL,1,CompShg,NridgHt,1
8,3160,Lvl,3,GasA,Typ,Gd,Somerst,Y,RL,1,CompShg,Somerst,0
6,2777,Lvl,2,GasA,Typ,Gd,NWAmes,Y,RL,1,CompShg,NWAmes,1
6,2311,Lvl,2,GasA,Typ,TA,NPkVill,Y,RL,1,CompShg,NPkVill,1
6,2936,Low,2,GasA,Typ,Gd,Crawfor,Y,RL,1,CompShg,Crawfor,1
5,1788,Lvl,2,GasA,Typ,TA,Sawyer,Y,RL,1,CompShg,Sawyer,1
4,2456,Lvl,2,GasA,Typ,TA,Sawyer,Y,RL,2,CompShg,Sawyer,0
5,2792,Lvl,2,GasA,Typ,Gd,Veenker,Y,RL,1,CompShg,Veenker,1
7,3004,Lvl,2,GasA,Typ,Gd,NridgHt,Y,RL,1,CompShg,NridgHt,0
8,3388,Lvl,3,GasA,Typ,Gd,CollgCr,Y,RL,1,CompShg,CollgCr,0
6,2630,Lvl,2,GasA,Typ,TA,Gilbert,Y,RL,1,CompShg,Gilbert,1
6,3235,Lvl,2,GasA,Typ,Gd,Edwards,Y,RL,1,CompShg,Edwards,2
10,5557,Lvl,3,GasA,Typ,Gd,NoRidge,Y,RL,1,CompShg,NoRidge,1
6,2214,Lvl,1,GasA,Typ,TA,Mitchel,Y,RL,1,CompShg,Mitchel,1
6,2522,Lvl,2,GasA,Typ,TA,NAmes,Y,RL,1,CompShg,NAmes,1
7,1875,Lvl,2,GasA,Typ,Gd,Somerst,Y,FV,1,CompShg,Somerst,0
5,4205,Bnk,0,GasA,Maj1,Ex,ClearCr,Y,RL,1,CompShg,ClearCr,1
6,3297,Lvl,2,GasA,Typ,TA,Crawfor,Y,RL,1,CompShg,Crawfor,1
8,4555,Lvl,2,GasA,Typ,Gd,NoRidge,Y,RL,1,CompShg,NoRidge,1
5,1799,Lvl,1,GasA,Typ,TA,Mitchel,Y,RL,1,CompShg,Mitchel,0
6,2042,Bnk,1,GasA,Typ,TA,OldTown,Y,RM,1,CompShg,OldTown,0
5,2074,Lvl,1,GasA,Typ,TA,Crawfor,Y,RL,1,CompShg,Crawfor,1
5,1124,Lvl,0,GasA,Min2,TA,Edwards,Y,RL,1,CompShg,Edwards,1
7,3730,Lvl,2,GasA,Typ,TA,Timber,Y,RL,1,CompShg,Timber,0
8,3252,HLS,2,GasA,Typ,Gd,Crawfor,Y,RM,1,CompShg,Crawfor,1
10,6872,Lvl,3,GasA,Typ,Ex,NoRidge,Y,RL,1,CompShg,NoRidge,2
5,2250,Lvl,2,GasA,Typ,TA,OldTown,Y,RL,1,CompShg,OldTown,1
5,3144,Lvl,3,GasA,Typ,TA,Timber,Y,RL,1,CompShg,Timber,2
5,2005,Lvl,1,GasA,Typ,TA,Edwards,Y,RL,1,CompShg,Edwards,0
3,2677,Bnk,2,GasA,Typ,TA,OldTown,Y,RL,2,CompShg,OldTown,0
8,3248,Lvl,3,GasA,Typ,Gd,NoRidge,Y,RL,1,CompShg,NoRidge,1
7,2491,Lvl,2,GasA,Typ,Gd,CollgCr,Y,RL,1,CompShg,CollgCr,0
7,2798,Lvl,2,GasA,Typ,Gd,Gilbert,Y,RL,1,CompShg,Gilbert,1
4,2871,Low,4,GasA,Typ,TA,Mitchel,Y,RL,1,CompShg,Mitchel,1
8,2217,Lvl,2,GasA,Typ,Gd,Somerst,Y,FV,1,CompShg,Somerst,0
5,2174,Lvl,1,GasA,Typ,Gd,OldTown,Y,RM,1,CompShg,OldTown,0
6,2448,Lvl,2,GasA,Typ,TA,Mitchel,Y,RM,1,CompShg,Mitchel,0
6,2015,Lvl,1,GasA,Typ,TA,Sawyer,Y,RL,1,CompShg,Sawyer,0
6,2184,Lvl,2,GasA,Typ,Gd,Gilbert,Y,RL,1,CompShg,Gilbert,0
7,2742,Lvl,3,GasA,Typ,Gd,Gilbert,Y,RL,1,CompShg,Gilbert,1
7,2505,Bnk,1,GasA,Typ,TA,OldTown,Y,RM,1,CompShg,OldTown,1
7,2424,Lvl,2,GasA,Typ,Gd,CollgCr,Y,RL,1,CompShg,CollgCr,0
4,2433,Lvl,2,GasA,Typ,TA,Sawyer,Y,RL,1,CompShg,Sawyer,1
4,1728,Lvl,1,GasA,Typ,TA,NAmes,Y,RL,1,CompShg,NAmes,0
7,2645,Lvl,2,GasA,Typ,Gd,CollgCr,Y,RL,1,CompShg,CollgCr,0
5,2232,Lvl,1,GasA,Typ,TA,BrkSide,Y,RM,1,CompShg,BrkSide,1
7,3260,Lvl,2,GasA,Typ,Gd,CollgCr,Y,RL,1,CompShg,CollgCr,1
5,2130,Lvl,2,GasA,Typ,TA,NWAmes,Y,RL,1,CompShg,NWAmes,0
7,4354,Lvl,3,GasA,Typ,Gd,SawyerW,Y,RL,1,CompShg,SawyerW,1
4,2112,Lvl,1,GasA,Typ,TA,SawyerW,Y,RH,1,CompShg,SawyerW,0
6,3382,Lvl,2,GasA,Typ,Gd,CollgCr,Y,RL,1,CompShg,CollgCr,0
5,2214,Lvl,2,GasA,Typ,TA,NAmes,Y,RL,1,CompShg,NAmes,0
8,3320,Lvl,2,GasA,Typ,Gd,Somerst,Y,RL,1,CompShg,Somerst,1
6,2900,Lvl,2,GasA,Typ,Gd,SawyerW,Y,RL,1,CompShg,SawyerW,1
8,2311,Bnk,2,GasA,Typ,TA,Gilbert,Y,RL,1,CompShg,Gilbert,0
4,1344,Lvl,1,GasA,Typ,TA,Edwards,Y,RL,1,CompShg,Edwards,0
4,1608,Lvl,1,GasA,Typ,TA,Sawyer,Y,RL,1,CompShg,Sawyer,0
5,1924,Lvl,1,GasA,Typ,TA,NAmes,Y,RL,1,CompShg,NAmes,0
5,1788,Lvl,1,GasA,Typ,TA,Sawyer,Y,RL,1,CompShg,Sawyer,0
6,1902,Lvl,2,GasA,Typ,TA,Sawyer,Y,RM,2,CompShg,Sawyer,0
8,2614,Lvl,2,GasA,Typ,Gd,Somerst,Y,FV,1,CompShg,Somerst,0
4,912,Lvl,0,GasA,Typ,TA,BrkSide,N,RM,1,CompShg,BrkSide,0
6,1890,Lvl,0,GasA,Typ,TA,BrDale,Y,RM,1,CompShg,BrDale,0
5,1824,Lvl,1,GasA,Typ,TA,NAmes,Y,RL,1,CompShg,NAmes,0
5,2163,Lvl,1,GasA,Typ,TA,Sawyer,Y,RL,1,CompShg,Sawyer,1
6,2886,Lvl,1,GasA,Typ,TA,NAmes,Y,RL,1,CompShg,NAmes,1
5,4272,Lvl,2,GasA,Mod,TA,NAmes,N,RL,1,CompShg,NAmes,0
7,2278,Lvl,2,GasA,Typ,Gd,Gilbert,Y,RL,1,CompShg,Gilbert,1
6,1726,Lvl,1,GasA,Typ,TA,NAmes,Y,RL,1,CompShg,NAmes,0
6,2827,Lvl,3,GasA,Typ,Gd,Somerst,Y,RL,1,CompShg,Somerst,1
5,1824,Lvl,2,GasA,Typ,Gd,NAmes,Y,RL,1,CompShg,NAmes,0
9,3404,Lvl,3,GasA,Typ,Ex,NridgHt,Y,RL,1,CompShg,NridgHt,1
5,2582,Lvl,1,GasA,Maj1,TA,NAmes,Y,RL,1,CompShg,NAmes,0
5,3981,Lvl,2,GasA,Typ,TA,Sawyer,Y,RL,2,CompShg,Sawyer,1
5,2296,Lvl,2,GasA,Typ,TA,NAmes,Y,RL,1,CompShg,NAmes,0
4,1224,Lvl,2,GasA,Typ,TA,NAmes,Y,RL,2,CompShg,NAmes,0
5,2376,Lvl,2,GasA,Typ,TA,NAmes,Y,RL,1,CompShg,NAmes,0
5,2904,Bnk,0,GasA,Typ,TA,SWISU,N,RH,1,CompShg,SWISU,0
5,2531,Lvl,1,GasA,Typ,TA,Crawfor,Y,RL,1,CompShg,Crawfor,0
7,2390,Lvl,2,GasA,Typ,Gd,NridgHt,Y,RL,1,CompShg,NridgHt,0
7,2795,Lvl,2,GasA,Typ,Gd,CollgCr,Y,RL,1,CompShg,CollgCr,1
6,2282,Lvl,2,GasA,Typ,TA,SawyerW,Y,RL,1,CompShg,SawyerW,0
8,2960,HLS,2,GasA,Typ,Ex,Timber,Y,RL,1,CompShg,Timber,1
7,2652,Lvl,2,GasA,Typ,Gd,CollgCr,Y,RL,1,CompShg,CollgCr,0
7,3378,Lvl,3,GasA,Typ,Gd,Somerst,Y,RL,1,CompShg,Somerst,0
7,2226,Lvl,2,GasA,Typ,Gd,NWAmes,Y,RL,1,CompShg,NWAmes,2
10,4152,Lvl,3,GasA,Typ,Ex,NridgHt,Y,RL,1,CompShg,NridgHt,1
8,2309,HLS,2,GasA,Typ,Gd,Crawfor,Y,RL,1,CompShg,Crawfor,2
6,2453,Lvl,2,GasA,Typ,TA,NWAmes,Y,RL,1,CompShg,NWAmes,1
7,2309,Lvl,2,GasA,Typ,Gd,Somerst,Y,FV,1,CompShg,Somerst,0
6,2046,Lvl,3,GasA,Typ,TA,Mitchel,Y,RL,1,CompShg,Mitchel,0
6,2793,Lvl,2,OthW,Typ,TA,OldTown,N,RM,1,CompShg,OldTown,1
5,1864,Lvl,1,GasA,Typ,TA,NAmes,Y,RL,1,CompShg,NAmes,0
7,4220,Lvl,2,GasA,Typ,Ex,NAmes,Y,RL,1,CompShg,NAmes,2
7,2810,Lvl,2,GasA,Typ,Gd,NridgHt,Y,RL,1,CompShg,NridgHt,1
5,1738,Lvl,1,GasA,Typ,TA,Mitchel,Y,RL,1,CompShg,Mitchel,0
7,3359,Lvl,2,GasA,Typ,Gd,Veenker,Y,RL,1,CompShg,Veenker,2
7,2402,Lvl,2,GasA,Typ,Gd,Edwards,Y,RL,1,CompShg,Edwards,1
6,2251,Lvl,1,GasA,Typ,TA,BrkSide,Y,RM,1,CompShg,BrkSide,1
8,3973,Lvl,2,GasA,Typ,Gd,NoRidge,Y,RL,1,CompShg,NoRidge,1
5,1728,Lvl,0,GasA,Typ,TA,Edwards,Y,RL,1,CompShg,Edwards,0
7,2022,Lvl,2,GasA,Typ,Gd,Gilbert,Y,RL,1,CompShg,Gilbert,0
6,2108,Lvl,2,GasA,Typ,TA,NAmes,Y,RL,1,CompShg,NAmes,0
6,2516,Lvl,2,GasA,Typ,TA,Gilbert,Y,RL,1,CompShg,Gilbert,1
5,2100,Lvl,1,GasA,Typ,TA,NAmes,Y,RL,1,CompShg,NAmes,0
4,2892,Lvl,1,GasA,Min2,TA,ClearCr,Y,RL,1,CompShg,ClearCr,2
6,2588,Lvl,2,GasA,Typ,TA,BrkSide,Y,RL,1,CompShg,BrkSide,1
6,2742,Lvl,2,GasA,Typ,Gd,NAmes,Y,RH,1,CompShg,NAmes,0
7,2143,Lvl,2,GasA,Typ,Gd,Somerst,Y,FV,1,CompShg,Somerst,0
7,2814,Bnk,1,GasA,Typ,TA,OldTown,N,RM,2,CompShg,OldTown,1
9,4020,HLS,3,GasA,Typ,Ex,Timber,Y,RL,1,CompShg,Timber,1
8,4175,Lvl,3,GasA,Typ,Gd,Crawfor,Y,RL,1,CompShg,Crawfor,2
5,2398,Lvl,1,GasW,Typ,TA,NAmes,Y,RL,1,CompShg,NAmes,0
7,2856,Low,2,GasA,Typ,Gd,ClearCr,Y,RL,1,WdShake,ClearCr,1
6,2978,Lvl,2,GasA,Typ,Gd,NWAmes,Y,RL,1,CompShg,NWAmes,1
5,1870,Lvl,1,GasA,Typ,TA,Sawyer,Y,RL,1,CompShg,Sawyer,0
6,2376,Lvl,1,GasA,Typ,Ex,Edwards,Y,RL,1,CompShg,Edwards,1
5,1911,Lvl,2,GasA,Typ,TA,Crawfor,Y,RL,1,CompShg,Crawfor,1
5,2848,Lvl,2,GasA,Typ,TA,NAmes,Y,RL,2,Roll,NAmes,0
6,2118,Lvl,2,GasA,Typ,TA,NWAmes,Y,RL,1,CompShg,NWAmes,1
6,3404,Lvl,2,GasA,Typ,TA,NWAmes,Y,RL,1,CompShg,NWAmes,1
8,3159,Lvl,2,GasA,Typ,Gd,CollgCr,Y,RL,1,CompShg,CollgCr,1
4,1826,Lvl,2,GasA,Typ,TA,IDOTRR,Y,C (all),1,CompShg,IDOTRR,0
7,3146,Lvl,2,GasA,Typ,Gd,CollgCr,Y,RL,1,CompShg,CollgCr,0
7,2648,Lvl,2,GasA,Typ,TA,Timber,Y,RL,1,CompShg,Timber,1
5,2080,Lvl,2,GasA,Typ,Gd,CollgCr,Y,RL,1,CompShg,CollgCr,0
6,2736,Low,0,GasA,Typ,TA,Mitchel,Y,RL,2,CompShg,Mitchel,0
6,3251,Lvl,1,GasA,Min2,Gd,SWISU,Y,RL,1,CompShg,SWISU,1
6,2192,Lvl,1,GasA,Typ,TA,BrkSide,Y,RM,1,CompShg,BrkSide,1
6,2656,Lvl,2,GasA,Typ,TA,NWAmes,Y,RL,1,CompShg,NWAmes,2
5,3206,Low,2,GasA,Typ,TA,ClearCr,Y,RL,1,CompShg,ClearCr,0
8,3160,Lvl,2,GasA,Typ,Ex,StoneBr,Y,RL,1,CompShg,StoneBr,1
8,3055,Lvl,3,GasA,Typ,Ex,NridgHt,Y,RL,1,CompShg,NridgHt,1
5,2304,Lvl,2,GasA,Typ,TA,NAmes,Y,RL,1,CompShg,NAmes,1
5,1932,Lvl,1,GasA,Typ,TA,BrDale,Y,RM,1,CompShg,BrDale,0
5,3366,Lvl,1,GasA,Min2,TA,OldTown,N,RM,2,CompShg,OldTown,0
7,2496,Lvl,2,GasA,Typ,TA,NWAmes,Y,RL,1,CompShg,NWAmes,1
5,1728,Lvl,2,GasA,Typ,TA,Edwards,Y,RL,1,CompShg,Edwards,0
5,2104,Lvl,1,GasA,Typ,TA,NAmes,Y,RL,1,CompShg,NAmes,0
5,2248,Lvl,2,GasA,Typ,TA,NAmes,Y,RL,1,CompShg,NAmes,0
6,1619,Lvl,2,GasA,Typ,TA,Edwards,Y,RM,1,CompShg,Edwards,0
10,11752,Bnk,2,GasA,Typ,Ex,Edwards,Y,RL,1,ClyTile,Edwards,3
5,2492,Lvl,1,GasA,Typ,Gd,NAmes,Y,RL,1,CompShg,NAmes,0
7,2961,Lvl,2,GasA,Typ,Gd,Gilbert,Y,RL,1,CompShg,Gilbert,1
6,2265,Bnk,1,GasA,Typ,Gd,Crawfor,Y,RL,1,CompShg,Crawfor,2
8,3691,Lvl,3,GasA,Typ,Gd,NoRidge,Y,RL,1,CompShg,NoRidge,1
7,3232,Lvl,3,GasA,Typ,Gd,Somerst,Y,RL,1,CompShg,Somerst,0
7,2684,Lvl,2,GasA,Maj1,Gd,Edwards,Y,RM,1,CompShg,Edwards,0
9,3304,Lvl,2,GasA,Typ,Ex,NridgHt,Y,RL,1,CompShg,NridgHt,2
7,2736,Lvl,2,GasA,Typ,Gd,NridgHt,Y,RL,1,CompShg,NridgHt,1
5,1980,Lvl,2,GasA,Typ,TA,CollgCr,Y,RL,1,CompShg,CollgCr,0
5,2046,Lvl,2,GasA,Typ,Gd,OldTown,Y,RM,1,CompShg,OldTown,0
6,2572,Lvl,2,GasA,Typ,Gd,SawyerW,Y,RL,1,CompShg,SawyerW,0
7,3804,Lvl,2,GasA,Typ,Ex,Crawfor,Y,RL,1,CompShg,Crawfor,2
7,2548,Lvl,2,GasA,Typ,Gd,CollgCr,Y,RL,1,CompShg,CollgCr,0
8,4263,Lvl,2,GasA,Typ,Gd,NoRidge,Y,RL,1,CompShg,NoRidge,1
9,3992,Lvl,3,GasA,Typ,Gd,NoRidge,Y,RL,1,CompShg,NoRidge,1
4,1896,Lvl,1,GasA,Typ,TA,Edwards,Y,RL,1,CompShg,Edwards,1
6,3064,Lvl,2,GasA,Typ,TA,NAmes,Y,RL,1,CompShg,NAmes,2
8,3252,Lvl,3,GasA,Typ,Ex,CollgCr,Y,RL,1,CompShg,CollgCr,1
7,2704,Lvl,2,GasA,Typ,Gd,Somerst,Y,FV,1,CompShg,Somerst,1
8,3540,Lvl,3,GasA,Typ,Gd,CollgCr,Y,RL,1,CompShg,CollgCr,1
4,1812,Bnk,1,GasA,Typ,TA,Edwards,Y,RL,1,CompShg,Edwards,0
6,2956,Lvl,2,GasA,Typ,TA,NAmes,Y,RL,1,CompShg,NAmes,2
3,720,Lvl,1,Floor,Typ,TA,BrkSide,N,RL,1,CompShg,BrkSide,0
7,2673,Lvl,2,GasA,Typ,Gd,NoRidge,Y,RL,1,CompShg,NoRidge,1
4,1128,HLS,0,GasA,Typ,Fa,BrkSide,Y,RL,1,CompShg,BrkSide,0
8,3590,Lvl,3,GasA,Typ,Gd,Somerst,Y,RL,1,CompShg,Somerst,1
4,1592,Lvl,0,GasA,Typ,TA,IDOTRR,N,RM,1,CompShg,IDOTRR,0
3,1318,Bnk,0,GasA,Typ,Gd,Edwards,Y,RH,1,CompShg,Edwards,0
5,1632,Lvl,1,GasA,Typ,Gd,Mitchel,Y,RL,1,CompShg,Mitchel,1
6,4302,Lvl,2,GasW,Mod,TA,OldTown,Y,RM,1,CompShg,OldTown,2
7,2567,Lvl,2,GasA,Typ,TA,Gilbert,Y,RL,1,CompShg,Gilbert,1
8,3176,Lvl,3,GasA,Typ,Gd,Somerst,Y,RL,1,CompShg,Somerst,1
5,1865,Lvl,2,GasA,Typ,TA,CollgCr,Y,RL,1,CompShg,CollgCr,0
4,1632,Lvl,1,GasA,Typ,TA,Edwards,Y,RL,1,CompShg,Edwards,1
5,2163,Lvl,1,GasA,Typ,Gd,IDOTRR,Y,RM,1,CompShg,IDOTRR,0
5,2130,Lvl,2,GasA,Min1,TA,BrDale,Y,RM,1,CompShg,BrDale,0
6,2684,Lvl,2,GasA,Typ,TA,NWAmes,Y,RL,1,CompShg,NWAmes,1
5,3312,Lvl,2,GasA,Typ,TA,NWAmes,Y,RL,2,CompShg,NWAmes,0
4,1386,Bnk,0,Grav,Typ,Fa,OldTown,N,RM,1,CompShg,OldTown,0
7,2777,Lvl,2,GasA,Typ,Gd,CollgCr,Y,RL,1,CompShg,CollgCr,0
5,1728,Lvl,1,GasA,Typ,TA,CollgCr,Y,RL,1,CompShg,CollgCr,0
4,1730,Lvl,4,GasA,Typ,TA,NAmes,Y,RL,1,CompShg,NAmes,0
6,2228,Lvl,2,GasA,Typ,Gd,SawyerW,Y,RL,1,CompShg,SawyerW,0
8,3453,Lvl,2,GasA,Typ,Gd,CollgCr,Y,RL,1,CompShg,CollgCr,1
6,2809,Bnk,2,GasA,Typ,TA,Crawfor,Y,RL,1,CompShg,Crawfor,1
7,2184,Lvl,2,GasA,Typ,Gd,CollgCr,Y,RL,1,CompShg,CollgCr,1
4,1920,Lvl,1,GasA,Typ,Fa,OldTown,Y,RM,1,CompShg,OldTown,0
7,3724,Lvl,2,GasA,Typ,TA,NWAmes,Y,RL,1,CompShg,NWAmes,1
8,3508,HLS,3,GasA,Typ,Gd,Timber,Y,RL,1,CompShg,Timber,1
7,2976,Low,2,GasA,Typ,Gd,SawyerW,Y,RL,1,CompShg,SawyerW,1
8,2837,Lvl,0,OthW,Typ,TA,OldTown,N,RM,1,CompShg,OldTown,0
5,3882,Lvl,4,GasA,Typ,TA,NAmes,Y,RL,2,CompShg,NAmes,0
6,2574,Lvl,2,GasA,Typ,TA,NAmes,Y,RL,1,CompShg,NAmes,1
6,1874,Lvl,2,GasA,Typ,TA,BrkSide,Y,RM,1,CompShg,BrkSide,0
8,5271,Lvl,3,GasA,Typ,Gd,NoRidge,Y,RL,1,CompShg,NoRidge,1
7,2857,Lvl,3,GasA,Typ,Gd,CollgCr,Y,RL,1,CompShg,CollgCr,1
7,2490,Lvl,2,GasA,Typ,Gd,NWAmes,Y,RL,1,CompShg,NWAmes,1
5,1756,Lvl,1,GasA,Typ,TA,NAmes,Y,RL,1,CompShg,NAmes,0
5,2156,Lvl,2,GasA,Typ,TA,NAmes,Y,RL,1,CompShg,NAmes,1
6,2329,Lvl,2,GasA,Typ,Gd,Somerst,Y,FV,1,CompShg,Somerst,0
9,3960,Lvl,3,GasA,Typ,Ex,NridgHt,Y,RL,1,CompShg,NridgHt,1
5,3213,Lvl,2,GasA,Typ,TA,SWISU,Y,RL,1,CompShg,SWISU,0
7,3060,Low,2,GasA,Typ,Gd,StoneBr,Y,RL,1,CompShg,StoneBr,1
4,2453,Lvl,1,GasA,Typ,TA,NAmes,Y,RL,1,CompShg,NAmes,1
6,2028,Lvl,2,GasA,Typ,Gd,Gilbert,Y,RL,1,CompShg,Gilbert,1
7,1720,Lvl,2,GasA,Typ,Gd,Somerst,Y,FV,1,CompShg,Somerst,0
7,2488,Lvl,2,GasA,Typ,Gd,Somerst,Y,FV,1,CompShg,Somerst,0
7,2663,Lvl,2,GasA,Typ,Gd,CollgCr,Y,RL,1,CompShg,CollgCr,0
5,2232,Lvl,1,GasA,Typ,TA,MeadowV,Y,RM,1,CompShg,MeadowV,1
6,1696,Lvl,2,GasA,Typ,Gd,CollgCr,Y,RM,1,CompShg,CollgCr,0
8,3325,Lvl,2,GasA,Typ,Gd,CollgCr,Y,RL,1,CompShg,CollgCr,1
4,2214,Lvl,1,GasA,Typ,TA,OldTown,Y,RL,1,CompShg,OldTown,0
6,2653,Lvl,1,GasA,Typ,Gd,NAmes,Y,RL,1,CompShg,NAmes,1
7,3205,Lvl,2,GasA,Typ,Gd,CollgCr,Y,RL,1,CompShg,CollgCr,1
10,5266,Lvl,3,GasA,Typ,Ex,NoRidge,Y,RL,1,CompShg,NoRidge,2
7,2984,Lvl,3,GasA,Typ,Gd,Somerst,Y,FV,1,CompShg,Somerst,1
8,3142,HLS,3,GasA,Typ,Gd,Timber,Y,RL,1,CompShg,Timber,1
6,1558,Bnk,1,GasA,Typ,TA,SWISU,N,RL,1,CompShg,SWISU,0
5,2588,Lvl,2,GasA,Min2,TA,Edwards,Y,RL,1,CompShg,Edwards,0
6,1470,Lvl,1,GasA,Typ,TA,BrDale,Y,RM,1,CompShg,BrDale,0
5,1778,Lvl,2,GasA,Typ,Gd,Timber,Y,RL,1,CompShg,Timber,0
3,1728,Lvl,1,GasA,Typ,TA,Edwards,N,RL,1,CompShg,Edwards,0
6,3322,Lvl,2,GasA,Typ,TA,NAmes,Y,RL,1,CompShg,NAmes,2
7,2358,Lvl,2,GasA,Typ,Gd,OldTown,Y,RM,1,CompShg,OldTown,0
5,2232,Lvl,2,GasA,Typ,Gd,Sawyer,Y,RL,1,CompShg,Sawyer,0
6,1818,Lvl,1,GasA,Typ,TA,Edwards,Y,RL,1,CompShg,Edwards,0
4,1950,Lvl,1,GasA,Typ,Gd,IDOTRR,Y,RM,1,CompShg,IDOTRR,0
7,4176,Lvl,2,GasA,Typ,Gd,NWAmes,Y,RL,1,CompShg,NWAmes,2
6,3240,Lvl,1,GasW,Typ,Gd,OldTown,N,RM,1,CompShg,OldTown,1
9,3492,HLS,3,GasA,Typ,Ex,Gilbert,Y,RL,1,CompShg,Gilbert,2
6,1953,Lvl,2,GasA,Typ,TA,BrkSide,Y,RM,1,CompShg,BrkSide,1
7,3050,Lvl,2,GasA,Typ,Gd,CollgCr,Y,RL,1,CompShg,CollgCr,0
5,3168,Lvl,3,GasA,Mod,TA,NAmes,Y,RL,2,CompShg,NAmes,0
5,1764,Lvl,1,GasA,Typ,TA,NAmes,Y,RL,1,CompShg,NAmes,1
6,2394,Lvl,2,GasA,Typ,TA,OldTown,N,RM,2,CompShg,OldTown,1
7,2856,Lvl,3,GasA,Typ,Gd,Blmngtn,Y,RL,1,CompShg,Blmngtn,1
8,3576,Lvl,3,GasA,Typ,Gd,Timber,Y,RL,1,CompShg,Timber,1
5,2434,Bnk,2,GasA,Min1,TA,Timber,Y,RL,1,CompShg,Timber,2
5,2452,Lvl,1,GasA,Typ,TA,BrkSide,Y,RM,1,CompShg,BrkSide,0
5,3112,Lvl,1,GasA,Min1,TA,NAmes,Y,RL,1,CompShg,NAmes,0
6,2584,Lvl,1,GasA,Typ,Gd,SWISU,Y,RL,1,CompShg,SWISU,1
6,2020,Lvl,1,GasA,Typ,TA,BrkSide,Y,RM,1,CompShg,BrkSide,1
6,2432,Lvl,2,GasA,Typ,TA,Gilbert,Y,RL,1,CompShg,Gilbert,1
7,2580,Lvl,2,GasA,Typ,Gd,CollgCr,Y,RL,1,CompShg,CollgCr,1
8,2949,Lvl,3,GasA,Typ,Gd,Somerst,Y,RL,1,CompShg,Somerst,0
3,1886,Lvl,3,GasA,Typ,TA,OldTown,Y,RL,1,CompShg,OldTown,0
8,3240,HLS,2,GasA,Typ,Gd,Crawfor,Y,RM,1,CompShg,Crawfor,1
5,1536,Lvl,2,GasA,Typ,TA,CollgCr,Y,RL,1,CompShg,CollgCr,0
5,1666,Lvl,0,GasA,Typ,TA,Mitchel,Y,RL,1,CompShg,Mitchel,0
4,1985,Lvl,2,GasA,Typ,TA,OldTown,Y,RM,1,CompShg,OldTown,0
7,2884,Lvl,2,GasA,Typ,TA,NWAmes,Y,RL,1,CompShg,NWAmes,1
7,2784,Lvl,2,GasA,Typ,Gd,CollgCr,Y,RL,1,CompShg,CollgCr,0
6,2524,Lvl,1,GasA,Min2,TA,NAmes,Y,RL,1,CompShg,NAmes,0
4,1040,Lvl,2,Wall,Typ,TA,NAmes,N,RL,2,CompShg,NAmes,0
8,3688,Lvl,2,GasA,Typ,Gd,SawyerW,Y,RL,1,CompShg,SawyerW,1
6,2681,Bnk,2,GasA,Typ,Gd,BrkSide,Y,RL,1,CompShg,BrkSide,1
7,2955,Lvl,3,GasA,Typ,Gd,Blmngtn,Y,RL,1,CompShg,Blmngtn,1
4,3067,Lvl,2,GasA,Typ,TA,OldTown,Y,RM,2,CompShg,OldTown,0
8,3734,Lvl,3,GasA,Typ,Gd,NoRidge,Y,RL,1,CompShg,NoRidge,1
5,2288,Lvl,1,GasA,Typ,TA,NAmes,Y,RL,1,CompShg,NAmes,0
6,3688,Lvl,2,GasA,Typ,Gd,Crawfor,Y,RL,1,CompShg,Crawfor,1
6,2124,Lvl,2,GasA,Typ,TA,NWAmes,Y,RL,1,CompShg,NWAmes,1
6,2138,Lvl,2,GasA,Typ,TA,NPkVill,Y,RL,1,CompShg,NPkVill,1
6,1696,Lvl,2,GasA,Typ,Gd,CollgCr,Y,RM,1,CompShg,CollgCr,0
6,2898,Lvl,2,GasA,Typ,Gd,Edwards,Y,RL,1,Tar&Grv,Edwards,1
5,2368,Lvl,1,GasA,Min1,TA,NAmes,Y,RL,1,CompShg,NAmes,1
6,2504,Lvl,2,GasA,Typ,Gd,NAmes,Y,RL,1,CompShg,NAmes,0
7,3350,Lvl,2,GasA,Typ,Gd,NoRidge,Y,RL,1,CompShg,NoRidge,2
5,2471,Bnk,1,GasA,Typ,TA,NAmes,Y,RL,1,CompShg,NAmes,1
5,1592,Lvl,1,GasA,Typ,Gd,OldTown,Y,RM,1,CompShg,OldTown,2
6,2880,Lvl,2,GasA,Typ,Gd,NWAmes,Y,RL,1,CompShg,NWAmes,1
5,2570,Lvl,2,GasA,Typ,TA,Gilbert,Y,RL,1,CompShg,Gilbert,1
6,1916,Lvl,2,GasA,Typ,TA,NPkVill,Y,RL,1,CompShg,NPkVill,0
4,1624,Lvl,1,GasA,Typ,TA,OldTown,Y,RL,1,CompShg,OldTown,0
6,2728,Lvl,2,GasA,Typ,TA,Gilbert,Y,RL,1,CompShg,Gilbert,1
5,2252,Low,2,GasA,Typ,TA,Mitchel,Y,RL,1,CompShg,Mitchel,1
6,2856,Lvl,2,GasA,Typ,Gd,NAmes,Y,RL,1,CompShg,NAmes,1
4,1728,Lvl,2,GasA,Typ,TA,NAmes,Y,RL,1,CompShg,NAmes,0
8,3864,Lvl,3,GasA,Typ,Ex,NridgHt,Y,RL,1,CompShg,NridgHt,1
6,2148,Lvl,2,GasA,Typ,TA,OldTown,Y,RM,1,CompShg,OldTown,0
7,2264,Lvl,2,GasA,Typ,TA,NWAmes,Y,RL,1,CompShg,NWAmes,1
6,2759,Bnk,2,GasA,Min1,TA,Crawfor,Y,RL,1,CompShg,Crawfor,1
6,1696,Lvl,2,GasA,Typ,Gd,CollgCr,Y,RM,1,CompShg,CollgCr,1
10,3024,Lvl,3,GasA,Typ,Ex,Somerst,Y,FV,1,CompShg,Somerst,1
6,1904,Lvl,1,Grav,Typ,Fa,BrkSide,N,RL,1,CompShg,BrkSide,1
7,2844,Lvl,2,GasA,Typ,Gd,CollgCr,Y,RL,1,CompShg,CollgCr,0
6,1727,Lvl,1,GasA,Typ,TA,Sawyer,Y,RL,1,CompShg,Sawyer,0
5,2376,Lvl,1,GasA,Typ,TA,Mitchel,Y,RL,1,CompShg,Mitchel,0
8,3310,Lvl,2,GasA,Typ,Gd,CollgCr,Y,RL,1,CompShg,CollgCr,1
4,1906,Lvl,1,GasA,Min2,TA,Edwards,N,RL,1,CompShg,Edwards,0
5,1260,Lvl,0,GasA,Typ,Ex,MeadowV,Y,RM,1,CompShg,MeadowV,0
5,2688,Lvl,0,GasA,Typ,TA,NAmes,Y,RL,2,CompShg,NAmes,0
8,3151,Lvl,3,GasA,Typ,Ex,Somerst,Y,RL,1,CompShg,Somerst,1
5,1619,Lvl,2,GasA,Typ,TA,Edwards,Y,RM,1,CompShg,Edwards,0
5,2280,Lvl,0,GasA,Typ,TA,Mitchel,Y,RL,1,CompShg,Mitchel,0
7,2442,Lvl,2,GasA,Typ,Gd,Somerst,Y,FV,1,CompShg,Somerst,0
6,2600,Lvl,2,GasA,Typ,TA,Gilbert,Y,RL,1,CompShg,Gilbert,1
6,3615,Lvl,2,GasA,Min1,TA,NWAmes,Y,RL,1,CompShg,NWAmes,2
7,3492,Lvl,1,GasA,Typ,Gd,Crawfor,Y,RL,1,CompShg,Crawfor,2
5,2156,Lvl,1,GasA,Typ,Gd,NAmes,Y,RL,1,CompShg,NAmes,0
5,2512,Lvl,1,GasA,Typ,TA,Edwards,Y,RL,1,CompShg,Edwards,0
